imageId,age
0,49
1,37
2,41
3,68
4,51
5,36
6,62
7,69
8,32
9,70
10,40
11,76
12,53
13,68
14,65
15,38
16,40
17,55
18,54
19,94
20,58
21,45
22,57
23,40
24,36
25,60
26,47
27,89
28,82
29,56
30,58
31,54
32,54
33,75
34,74
35,30
36,64
37,57
38,73
39,70
40,62
41,71
42,71
43,76
44,75
45,52
46,60
47,65
48,42
49,66
50,42
51,55
52,57
53,74
54,65
55,74
56,41
57,47
58,45
59,45
60,85
61,50
62,84
63,51
64,45
65,42
66,80
67,70
68,52
69,36
70,59
71,79
72,48
73,53
74,76
75,57
76,51
77,69
78,36
79,55
80,40
81,49
82,48
83,45
84,71
85,50
86,62
87,35
88,84
89,55
90,21
91,35
92,45
93,50
94,71
95,81
96,46
97,48
98,50
99,41
100,69
101,62
102,59
103,29
104,53
105,35
106,60
107,70
108,54
109,68
110,54
111,84
112,64
113,28
114,68
115,49
116,57
117,59
118,65
119,56
120,53
121,85
122,82
123,36
124,40
125,47
126,70
127,56
128,53
129,63
130,77
131,71
132,82
133,53
134,63
135,65
136,72
137,42
138,57
139,51
140,85
141,71
142,42
143,79
144,59
145,62
146,62
147,53
148,17
149,71
150,67
151,29
152,55
153,66
154,53
155,58
156,64
157,34
158,71
159,50
160,77
161,55
162,71
163,39
164,79
165,46
166,46
167,51
168,81
169,36
170,75
171,39
172,47
173,62
174,61
175,75
176,62
177,53
178,69
179,65
180,65
181,73
182,70
183,52
184,42
185,77
186,71
187,51
188,54
189,43
190,53
191,71
192,45
193,77
194,63
195,53
196,64
197,43
198,54
199,32
200,47
201,64
202,53
203,61
204,67
205,67
206,68
207,63
208,75
209,75
210,37
211,79
212,34
213,32
214,30
215,54
216,49
217,45
218,74
219,49
220,67
221,60
222,64
223,52
224,66
225,49
226,31
227,55
228,82
229,56
230,32
231,51
232,68
233,56
234,39
235,43
236,67
237,59
238,39
239,78
240,71
241,64
242,43
243,56
244,57
245,59
246,67
247,62
248,52
249,56
250,53
251,52
252,61
253,66
254,59
255,44
256,86
257,41
258,24
259,60
260,56
261,44
262,86
263,79
264,58
265,60
266,42
267,55
268,73
269,75
270,78
271,49
272,62
273,69
274,42
275,57
276,35
277,68
278,82
279,35
280,42
281,46
282,86
283,66
284,28
285,80
286,80
287,82
288,80
289,84
290,64
291,69
292,47
293,52
294,53
295,79
296,70
297,68
298,39
299,34
300,68
301,76
302,58
303,31
304,56
305,62
306,32
307,48
308,62
309,82
310,48
311,41
312,51
313,33
314,41
315,31
316,75
317,40
318,94
319,46
320,42
321,73
322,40
323,72
324,78
325,63
326,49
327,52
328,53
329,63
330,33
331,39
332,27
333,63
334,45
335,44
336,45
337,61
338,51
339,57
340,48
341,52
342,49
343,54
344,73
345,56
346,69
347,45
348,44
349,64
350,65
351,42
352,60
353,51
354,63
355,40
356,56
357,35
358,44
359,37
360,44
361,68
362,55
363,74
364,92
365,41
366,74
367,49
368,70
369,89
370,63
371,70
372,50
373,54
374,64
375,50
376,82
377,85
378,66
379,33
380,73
381,45
382,36
383,51
384,50
385,80
386,65
387,92
388,52
389,38
390,53
391,51
392,71
393,62
394,37
395,54
396,81
397,44
398,47
399,48
400,63
401,69
402,43
403,76
404,39
405,57
406,80
407,46
408,62
409,66
410,71
411,33
412,51
413,70
414,53
415,33
416,50
417,72
418,62
419,78
420,83
421,51
422,39
423,66
424,64
425,50
426,51
427,68
428,43
429,65
430,74
431,28
432,39
433,76
434,63
435,70
436,79
437,55
438,56
439,48
440,70
441,65
442,24
443,50
444,59
445,59
446,69
447,61
448,61
449,74
450,59
451,58
452,45
453,53
454,75
455,55
456,49
457,80
458,57
459,69
460,39
461,72
462,66
463,45
464,43
465,56
466,55
467,50
468,82
469,61
470,55
471,47
472,53
473,62
474,52
475,55
476,56
477,59
478,55
479,65
480,73
481,65
482,41
483,39
484,45
485,24
486,43
487,80
488,62
489,80
490,78
491,45
492,45
493,53
494,45
495,72
496,44
497,37
498,47
499,59
500,73
501,70
502,57
503,37
504,83
505,58
506,74
507,53
508,69
509,54
510,53
511,55
512,50
513,62
514,57
515,68
516,95
517,68
518,42
519,57
520,69
521,77
522,51
523,73
524,51
525,51
526,56
527,70
528,73
529,25
530,45
531,40
532,46
533,72
534,56
535,44
536,72
537,70
538,81
539,44
540,44
541,62
542,33
543,74
544,76
545,53
546,54
547,62
548,31
549,73
550,48
551,37
552,41
553,56
554,58
555,44
556,43
557,37
558,31
559,60
560,81
561,67
562,42
563,47
564,56
565,27
566,47
567,59
568,39
569,52
570,38
571,60
572,69
573,32
574,91
575,40
576,59
577,35
578,55
579,83
580,46
581,52
582,42
583,67
584,76
585,45
586,66
587,69
588,61
589,67
590,63
591,52
592,66
593,72
594,66
595,48
596,40
597,39
598,56
599,69
600,37
601,47
602,76
603,59
604,28
605,89
606,67
607,40
608,47
609,69
610,68
611,69
612,63
613,64
614,87
615,50
616,60
617,67
618,69
619,37
620,45
621,82
622,26
623,64
624,75
625,48
626,48
627,45
628,49
629,49
630,60
631,51
632,46
633,47
634,74
635,50
636,78
637,38
638,37
639,43
640,60
641,63
642,48
643,60
644,89
645,45
646,66
647,43
648,67
649,59
650,61
651,95
652,70
653,65
654,51
655,51
656,66
657,67
658,68
659,60
660,87
661,45
662,55
663,48
664,63
665,62
666,39
667,43
668,58
669,48
670,49
671,77
672,53
673,61
674,66
675,35
676,40
677,68
678,66
679,41
680,51
681,65
682,64
683,39
684,40
685,42
686,67
687,43
688,73
689,54
690,68
691,61
692,58
693,68
694,65
695,68
696,76
697,70
698,74
699,67
700,56
701,73
702,46
703,50
704,68
705,42
706,48
707,68
708,34
709,65
710,40
711,43
712,31
713,51
714,74
715,53
716,43
717,37
718,37
719,58
720,54
721,52
722,79
723,48
724,55
725,60
726,57
727,54
728,41
729,43
730,56
731,69
732,70
733,61
734,44
735,76
736,51
737,49
738,39
739,75
740,19
741,73
742,72
743,101
744,70
745,46
746,76
747,78
748,66
749,37
750,42
751,63
752,50
753,50
754,75
755,68
756,38
757,73
758,64
759,36
760,62
761,58
762,61
763,76
764,47
765,43
766,46
767,45
768,66
769,52
770,36
771,65
772,46
773,74
774,46
775,76
776,60
777,71
778,78
779,48
780,33
781,21
782,42
783,46
784,80
785,36
786,41
787,44
788,44
789,35
790,34
791,62
792,36
793,37
794,45
795,43
796,67
797,77
798,24
799,56
800,59
801,66
802,72
803,38
804,58
805,35
806,51
807,58
808,51
809,35
810,62
811,54
812,73
813,84
814,63
815,34
816,73
817,64
818,68
819,68
820,74
821,64
822,42
823,44
824,67
825,57
826,59
827,50
828,42
829,60
830,43
831,53
832,58
833,58
834,55
835,55
836,67
837,52
838,53
839,90
840,70
841,50
842,42
843,45
844,38
845,57
846,61
847,72
848,40
849,44
850,49
851,71
852,31
853,73
854,91
855,35
856,59
857,57
858,77
859,25
860,63
861,38
862,70
863,59
864,65
865,63
866,60
867,66
868,75
869,43
870,41
871,70
872,75
873,79
874,48
875,56
876,57
877,81
878,59
879,41
880,83
881,78
882,64
883,39
884,55
885,53
886,76
887,60
888,59
889,32
890,80
891,43
892,68
893,48
894,45
895,49
896,51
897,64
898,67
899,55
900,74
901,70
902,40
903,43
904,55
905,32
906,56
907,67
908,41
909,54
910,55
911,65
912,65
913,42
914,43
915,52
916,34
917,50
918,49
919,74
920,65
921,63
922,48
923,77
924,49
925,49
926,75
927,43
928,50
929,34
930,72
931,65
932,29
933,68
934,35
935,58
936,62
937,46
938,61
939,64
940,60
941,56
942,49
943,53
944,79
945,46
946,73
947,55
948,48
949,40
950,42
951,56
952,65
953,49
954,70
955,48
956,36
957,75
958,36
959,77
960,44
961,47
962,70
963,32
964,60
965,41
966,37
967,72
968,57
969,67
970,46
971,71
972,61
973,67
974,54
975,44
976,50
977,75
978,93
979,53
980,81
981,49
982,62
983,57
984,53
985,60
986,66
987,28
988,74
989,78
990,78
991,77
992,53
993,29
994,62
995,40
996,53
997,67
998,70
999,44
1000,85
1001,33
1002,46
1003,62
1004,41
1005,48
1006,60
1007,55
1008,76
1009,51
1010,40
1011,53
1012,52
1013,70
1014,69
1015,57
1016,55
1017,40
1018,69
1019,64
1020,51
1021,70
1022,24
1023,38
1024,35
1025,86
1026,54
1027,42
1028,59
1029,37
1030,46
1031,29
1032,63
1033,45
1034,59
1035,57
1036,62
1037,52
1038,47
1039,38
1040,41
1041,63
1042,76
1043,80
1044,57
1045,50
1046,51
1047,57
1048,81
1049,52
1050,64
1051,67
1052,58
1053,36
1054,67
1055,74
1056,80
1057,43
1058,50
1059,48
1060,42
1061,67
1062,37
1063,53
1064,57
1065,87
1066,36
1067,40
1068,66
1069,52
1070,49
1071,44
1072,43
1073,54
1074,76
1075,72
1076,47
1077,71
1078,51
1079,36
1080,72
1081,43
1082,62
1083,56
1084,31
1085,73
1086,60
1087,61
1088,76
1089,43
1090,92
1091,50
1092,59
1093,49
1094,32
1095,71
1096,52
1097,67
1098,55
1099,45
1100,63
1101,78
1102,58
1103,48
1104,47
1105,60
1106,57
1107,52
1108,81
1109,59
1110,66
1111,38
1112,69
1113,29
1114,65
1115,81
1116,66
1117,41
1118,42
1119,64
1120,80
1121,51
1122,38
1123,48
1124,64
1125,72
1126,63
1127,40
1128,37
1129,50
1130,37
1131,51
1132,43
1133,45
1134,64
1135,50
1136,37
1137,60
1138,46
1139,34
1140,69
1141,69
1142,70
1143,61
1144,32
1145,76
1146,49
1147,76
1148,51
1149,81
1150,53
1151,62
1152,56
1153,55
1154,54
1155,43
1156,93
1157,34
1158,85
1159,33
1160,59
1161,51
1162,34
1163,56
1164,45
1165,42
1166,69
1167,57
1168,48
1169,46
1170,41
1171,86
1172,55
1173,85
1174,70
1175,65
1176,71
1177,73
1178,51
1179,42
1180,31
1181,63
1182,53
1183,72
1184,80
1185,55
1186,44
1187,75
1188,62
1189,59
1190,62
1191,54
1192,66
1193,67
1194,36
1195,36
1196,54
1197,55
1198,46
1199,61
1200,62
1201,41
1202,67
1203,59
1204,91
1205,66
1206,45
1207,49
1208,34
1209,80
1210,73
1211,45
1212,72
1213,52
1214,48
1215,69
1216,59
1217,64
1218,53
1219,52
1220,38
1221,63
1222,39
1223,40
1224,79
1225,45
1226,54
1227,45
1228,49
1229,46
1230,49
1231,65
1232,63
1233,76
1234,65
1235,30
1236,51
1237,59
1238,64
1239,26
1240,37
1241,38
1242,58
1243,36
1244,54
1245,44
1246,58
1247,45
1248,59
1249,67
1250,55
1251,19
1252,63
1253,70
1254,50
1255,75
1256,79
1257,58
1258,75
1259,40
1260,65
1261,100
1262,74
1263,52
1264,36
1265,72
1266,39
1267,50
1268,66
1269,78
1270,52
1271,58
1272,47
1273,56
1274,88
1275,36
1276,82
1277,67
1278,50
1279,73
1280,51
1281,50
1282,71
1283,35
1284,51
1285,63
1286,56
1287,70
1288,50
1289,45
1290,64
1291,32
1292,41
1293,61
1294,56
1295,65
1296,68
1297,66
1298,60
1299,69
1300,39
1301,40
1302,32
1303,79
1304,81
1305,72
1306,44
1307,76
1308,39
1309,62
1310,49
1311,77
1312,53
1313,73
1314,59
1315,61
1316,75
1317,79
1318,80
1319,54
1320,64
1321,61
1322,79
1323,65
1324,51
1325,72
1326,84
1327,66
1328,73
1329,35
1330,31
1331,42
1332,45
1333,60
1334,43
1335,55
1336,81
1337,48
1338,55
1339,45
1340,53
1341,78
1342,45
1343,61
1344,38
1345,54
1346,47
1347,47
1348,61
1349,65
1350,39
1351,55
1352,36
1353,50
1354,52
1355,80
1356,59
1357,81
1358,73
1359,45
1360,86
1361,36
1362,60
1363,35
1364,62
1365,58
1366,81
1367,39
1368,66
1369,32
1370,70
1371,98
1372,38
1373,63
1374,55
1375,44
1376,82
1377,43
1378,42
1379,50
1380,46
1381,66
1382,77
1383,65
1384,57
1385,76
1386,68
1387,75
1388,76
1389,56
1390,58
1391,60
1392,45
1393,35
1394,52
1395,55
1396,41
1397,71
1398,67
1399,48
1400,71
1401,37
1402,34
1403,50
1404,44
1405,49
1406,55
1407,65
1408,78
1409,70
1410,54
1411,26
1412,50
1413,31
1414,65
1415,71
1416,62
1417,42
1418,50
1419,37
1420,58
1421,85
1422,43
1423,70
1424,61
1425,68
1426,55
1427,48
1428,61
1429,70
1430,72
1431,49
1432,68
1433,69
1434,49
1435,50
1436,82
1437,91
1438,39
1439,40
1440,59
1441,81
1442,75
1443,68
1444,58
1445,57
1446,37
1447,60
1448,66
1449,61
1450,43
1451,81
1452,21
1453,65
1454,32
1455,39
1456,37
1457,74
1458,45
1459,66
1460,70
1461,68
1462,69
1463,45
1464,43
1465,56
1466,87
1467,49
1468,60
1469,47
1470,78
1471,37
1472,62
1473,44
1474,61
1475,47
1476,50
1477,52
1478,57
1479,77
1480,35
1481,54
1482,46
1483,71
1484,64
1485,54
1486,61
1487,35
1488,72
1489,44
1490,65
1491,69
1492,65
1493,59
1494,48
1495,63
1496,38
1497,40
1498,51
1499,41
1500,44
1501,66
1502,55
1503,55
1504,45
1505,78
1506,61
1507,25
1508,78
1509,47
1510,71
1511,68
1512,36
1513,19
1514,77
1515,58
1516,54
1517,58
1518,69
1519,60
1520,24
1521,83
1522,43
1523,40
1524,59
1525,68
1526,51
1527,22
1528,69
1529,67
1530,38
1531,47
1532,64
1533,39
1534,64
1535,54
1536,51
1537,72
1538,48
1539,41
1540,43
1541,74
1542,70
1543,60
1544,72
1545,74
1546,69
1547,47
1548,43
1549,57
1550,71
1551,51
1552,73
1553,55
1554,42
1555,47
1556,39
1557,36
1558,69
1559,63
1560,44
1561,36
1562,78
1563,61
1564,38
1565,48
1566,55
1567,38
1568,65
1569,80
1570,39
1571,43
1572,49
1573,73
1574,68
1575,62
1576,59
1577,45
1578,49
1579,74
1580,64
1581,70
1582,55
1583,52
1584,60
1585,77
1586,91
1587,42
1588,55
1589,38
1590,43
1591,85
1592,63
1593,64
1594,65
1595,43
1596,73
1597,63
1598,64
1599,67
1600,56
1601,59
1602,65
1603,42
1604,51
1605,33
1606,61
1607,62
1608,55
1609,35
1610,56
1611,61
1612,76
1613,36
1614,72
1615,57
1616,60
1617,48
1618,91
1619,50
1620,75
1621,64
1622,82
1623,67
1624,32
1625,60
1626,69
1627,53
1628,52
1629,46
1630,40
1631,48
1632,85
1633,73
1634,79
1635,78
1636,52
1637,48
1638,68
1639,43
1640,62
1641,60
1642,52
1643,44
1644,83
1645,49
1646,66
1647,65
1648,45
1649,59
1650,79
1651,37
1652,72
1653,37
1654,39
1655,64
1656,70
1657,71
1658,50
1659,47
1660,35
1661,79
1662,37
1663,60
1664,42
1665,51
1666,51
1667,49
1668,56
1669,46
1670,65
1671,49
1672,65
1673,67
1674,57
1675,59
1676,39
1677,65
1678,56
1679,73
1680,69
1681,42
1682,77
1683,70
1684,48
1685,64
1686,40
1687,50
1688,39
1689,32
1690,72
1691,79
1692,38
1693,70
1694,39
1695,66
1696,61
1697,58
1698,60
1699,72
1700,76
1701,58
1702,56
1703,68
1704,75
1705,51
1706,60
1707,38
1708,60
1709,47
1710,63
1711,76
1712,63
1713,46
1714,27
1715,57
1716,72
1717,35
1718,57
1719,54
1720,44
1721,43
1722,66
1723,75
1724,31
1725,68
1726,53
1727,52
1728,52
1729,70
1730,31
1731,57
1732,70
1733,41
1734,71
1735,44
1736,76
1737,57
1738,86
1739,59
1740,49
1741,63
1742,81
1743,40
1744,59
1745,33
1746,63
1747,54
1748,67
1749,64
1750,84
1751,70
1752,76
1753,58
1754,46
1755,51
1756,50
1757,52
1758,48
1759,63
1760,78
1761,39
1762,46
1763,57
1764,55
1765,71
1766,56
1767,41
1768,57
1769,80
1770,38
1771,71
1772,47
1773,62
1774,36
1775,43
1776,40
1777,71
1778,58
1779,47
1780,63
1781,64
1782,79
1783,71
1784,68
1785,80
1786,74
1787,40
1788,83
1789,39
1790,46
1791,51
1792,68
1793,76
1794,39
1795,37
1796,53
1797,67
1798,51
1799,67
1800,36
1801,59
1802,33
1803,74
1804,65
1805,57
1806,61
1807,34
1808,49
1809,42
1810,57
1811,51
1812,68
1813,66
1814,69
1815,23
1816,52
1817,87
1818,54
1819,70
1820,95
1821,48
1822,83
1823,38
1824,44
1825,33
1826,41
1827,44
1828,57
1829,69
1830,35
1831,44
1832,54
1833,49
1834,37
1835,77
1836,35
1837,51
1838,53
1839,53
1840,90
1841,38
1842,39
1843,61
1844,48
1845,56
1846,82
1847,43
1848,66
1849,48
1850,50
1851,44
1852,66
1853,46
1854,56
1855,57
1856,41
1857,30
1858,50
1859,49
1860,43
1861,39
1862,32
1863,58
1864,61
1865,96
1866,74
1867,51
1868,68
1869,88
1870,25
1871,39
1872,62
1873,55
1874,56
1875,85
1876,63
1877,65
1878,48
1879,51
1880,57
1881,56
1882,53
1883,49
1884,31
1885,88
1886,62
1887,45
1888,44
1889,80
1890,46
1891,82
1892,61
1893,36
1894,75
1895,73
1896,54
1897,64
1898,69
1899,47
1900,63
1901,59
1902,51
1903,53
1904,77
1905,78
1906,47
1907,38
1908,40
1909,40
1910,66
1911,60
1912,65
1913,45
1914,43
1915,38
1916,77
1917,65
1918,45
1919,54
1920,52
1921,68
1922,57
1923,49
1924,68
1925,56
1926,84
1927,47
1928,71
1929,40
1930,58
1931,67
1932,49
1933,57
1934,66
1935,63
1936,74
1937,76
1938,68
1939,41
1940,71
1941,43
1942,43
1943,45
1944,42
1945,67
1946,47
1947,44
1948,66
1949,65
1950,77
1951,44
1952,65
1953,48
1954,56
1955,75
1956,40
1957,61
1958,67
1959,69
1960,38
1961,61
1962,66
1963,83
1964,82
1965,60
1966,34
1967,93
1968,60
1969,71
1970,55
1971,57
1972,39
1973,63
1974,63
1975,50
1976,60
1977,46
1978,36
1979,77
1980,43
1981,84
1982,42
1983,90
1984,51
1985,49
1986,54
1987,50
1988,37
1989,64
1990,54
1991,60
1992,34
1993,60
1994,57
1995,40
1996,44
1997,41
1998,40
1999,57
2000,80
2001,67
2002,36
2003,20
2004,72
2005,53
2006,48
2007,40
2008,30
2009,42
2010,50
2011,67
2012,35
2013,34
2014,55
2015,38
2016,46
2017,73
2018,56
2019,48
2020,60
2021,80
2022,38
2023,75
2024,59
2025,61
2026,59
2027,37
2028,66
2029,61
2030,80
2031,71
2032,54
2033,45
2034,39
2035,50
2036,62
2037,43
2038,59
2039,99
2040,80
2041,38
2042,77
2043,40
2044,26
2045,86
2046,67
2047,42
2048,81
2049,48
2050,44
2051,40
2052,67
2053,73
2054,68
2055,58
2056,44
2057,51
2058,39
2059,91
2060,60
2061,40
2062,63
2063,31
2064,62
2065,41
2066,70
2067,70
2068,68
2069,58
2070,69
2071,63
2072,66
2073,59
2074,76
2075,34
2076,31
2077,72
2078,66
2079,60
2080,44
2081,39
2082,69
2083,52
2084,38
2085,59
2086,64
2087,54
2088,45
2089,51
2090,48
2091,50
2092,55
2093,60
2094,58
2095,55
2096,52
2097,72
2098,50
2099,63
2100,40
2101,30
2102,40
2103,40
2104,72
2105,48
2106,70
2107,40
2108,24
2109,60
2110,61
2111,76
2112,47
2113,63
2114,38
2115,36
2116,59
2117,46
2118,62
2119,42
2120,73
2121,46
2122,76
2123,67
2124,49
2125,66
2126,43
2127,85
2128,79
2129,50
2130,53
2131,47
2132,93
2133,63
2134,54
2135,63
2136,30
2137,76
2138,49
2139,48
2140,63
2141,64
2142,66
2143,72
2144,48
2145,49
2146,62
2147,42
2148,41
2149,62
2150,48
2151,78
2152,69
2153,77
2154,56
2155,54
2156,44
2157,38
2158,36
2159,67
2160,46
2161,42
2162,80
2163,79
2164,41
2165,40
2166,42
2167,41
2168,57
2169,40
2170,61
2171,57
2172,67
2173,57
2174,73
2175,35
2176,80
2177,56
2178,61
2179,43
2180,74
2181,51
2182,50
2183,72
2184,51
2185,32
2186,32
2187,46
2188,41
2189,56
2190,43
2191,64
2192,89
2193,53
2194,43
2195,72
2196,65
2197,32
2198,37
2199,48
2200,44
2201,55
2202,34
2203,59
2204,78
2205,73
2206,58
2207,70
2208,67
2209,66
2210,91
2211,82
2212,34
2213,74
2214,62
2215,76
2216,76
2217,63
2218,57
2219,57
2220,67
2221,37
2222,42
2223,46
2224,66
2225,69
2226,46
2227,68
2228,66
2229,51
2230,51
2231,44
2232,51
2233,63
2234,42
2235,64
2236,62
2237,38
2238,61
2239,74
2240,66
2241,51
2242,79
2243,71
2244,69
2245,46
2246,59
2247,49
2248,49
2249,39
2250,58
2251,58
2252,72
2253,74
2254,74
2255,86
2256,60
2257,31
2258,67
2259,81
2260,39
2261,59
2262,51
2263,67
2264,54
2265,64
2266,50
2267,81
2268,78
2269,77
2270,47
2271,72
2272,53
2273,66
2274,40
2275,43
2276,38
2277,33
2278,81
2279,64
2280,41
2281,70
2282,75
2283,61
2284,37
2285,36
2286,43
2287,19
2288,61
2289,62
2290,30
2291,92
2292,93
2293,39
2294,44
2295,57
2296,54
2297,64
2298,58
2299,44
2300,70
2301,55
2302,81
2303,77
2304,65
2305,43
2306,75
2307,43
2308,68
2309,57
2310,41
2311,47
2312,61
2313,57
2314,35
2315,53
2316,42
2317,56
2318,70
2319,40
2320,70
2321,28
2322,53
2323,69
2324,39
2325,61
2326,56
2327,70
2328,47
2329,39
2330,53
2331,64
2332,47
2333,42
2334,53
2335,52
2336,38
2337,66
2338,47
2339,63
2340,59
2341,42
2342,67
2343,54
2344,58
2345,61
2346,75
2347,44
2348,62
2349,43
2350,40
2351,45
2352,56
2353,48
2354,47
2355,68
2356,46
2357,45
2358,41
2359,65
2360,65
2361,37
2362,74
2363,58
2364,31
2365,58
2366,50
2367,65
2368,66
2369,36
2370,52
2371,82
2372,76
2373,39
2374,65
2375,48
2376,45
2377,68
2378,47
2379,48
2380,89
2381,52
2382,79
2383,86
2384,41
2385,64
2386,66
2387,41
2388,59
2389,66
2390,65
2391,52
2392,101
2393,37
2394,62
2395,46
2396,64
2397,44
2398,52
2399,39
2400,47
2401,82
2402,49
2403,90
2404,40
2405,69
2406,51
2407,84
2408,101
2409,71
2410,50
2411,36
2412,46
2413,49
2414,64
2415,47
2416,59
2417,65
2418,37
2419,50
2420,46
2421,72
2422,73
2423,59
2424,48
2425,88
2426,46
2427,37
2428,50
2429,44
2430,57
2431,37
2432,36
2433,57
2434,69
2435,53
2436,82
2437,50
2438,64
2439,45
2440,43
2441,64
2442,49
2443,51
2444,71
2445,43
2446,57
2447,41
2448,51
2449,53
2450,78
2451,59
2452,45
2453,65
2454,81
2455,65
2456,77
2457,44
2458,52
2459,44
2460,55
2461,63
2462,38
2463,58
2464,38
2465,48
2466,39
2467,64
2468,38
2469,33
2470,62
2471,38
2472,53
2473,46
2474,45
2475,52
2476,44
2477,57
2478,36
2479,63
2480,66
2481,77
2482,49
2483,72
2484,62
2485,40
2486,54
2487,47
2488,70
2489,51
2490,68
2491,78
2492,69
2493,43
2494,40
2495,55
2496,49
2497,66
2498,36
2499,81
2500,46
2501,94
2502,51
2503,80
2504,58
2505,59
2506,54
2507,26
2508,67
2509,42
2510,49
2511,76
2512,43
2513,40
2514,90
2515,53
2516,59
2517,43
2518,82
2519,47
2520,48
2521,63
2522,52
2523,67
2524,40
2525,42
2526,69
2527,47
2528,34
2529,74
2530,58
2531,87
2532,64
2533,45
2534,45
2535,31
2536,45
2537,73
2538,48
2539,77
2540,59
2541,73
2542,87
2543,58
2544,18
2545,71
2546,56
2547,70
2548,41
2549,35
2550,48
2551,66
2552,69
2553,60
2554,64
2555,39
2556,59
2557,59
2558,68
2559,52
2560,67
2561,47
2562,70
2563,78
2564,59
2565,54
2566,48
2567,45
2568,53
2569,53
2570,63
2571,62
2572,48
2573,53
2574,46
2575,81
2576,81
2577,62
2578,54
2579,32
2580,79
2581,60
2582,59
2583,50
2584,64
2585,77
2586,63
2587,42
2588,58
2589,55
2590,52
2591,27
2592,49
2593,73
2594,53
2595,59
2596,58
2597,44
2598,66
2599,30
2600,59
2601,50
2602,66
2603,63
2604,58
2605,66
2606,36
2607,40
2608,41
2609,63
2610,74
2611,81
2612,68
2613,65
2614,58
2615,70
2616,40
2617,46
2618,58
2619,57
2620,32
2621,65
2622,66
2623,35
2624,59
2625,59
2626,44
2627,55
2628,68
2629,82
2630,42
2631,48
2632,83
2633,46
2634,66
2635,51
2636,84
2637,53
2638,64
2639,53
2640,50
2641,53
2642,65
2643,52
2644,55
2645,68
2646,36
2647,59
2648,61
2649,39
2650,49
2651,80
2652,33
2653,31
2654,37
2655,50
2656,53
2657,44
2658,40
2659,78
2660,65
2661,37
2662,56
2663,42
2664,54
2665,51
2666,41
2667,79
2668,80
2669,51
2670,54
2671,63
2672,46
2673,54
2674,58
2675,54
2676,46
2677,57
2678,74
2679,68
2680,77
2681,68
2682,37
2683,40
2684,30
2685,45
2686,44
2687,69
2688,57
2689,35
2690,50
2691,67
2692,46
2693,45
2694,82
2695,55
2696,100
2697,51
2698,50
2699,53
2700,53
2701,65
2702,41
2703,32
2704,49
2705,77
2706,33
2707,45
2708,89
2709,42
2710,44
2711,53
2712,70
2713,58
2714,69
2715,80
2716,51
2717,42
2718,55
2719,42
2720,74
2721,51
2722,72
2723,60
2724,76
2725,72
2726,45
2727,43
2728,69
2729,89
2730,64
2731,77
2732,42
2733,62
2734,31
2735,45
2736,54
2737,103
2738,42
2739,57
2740,60
2741,44
2742,60
2743,75
2744,49
2745,68
2746,57
2747,64
2748,51
2749,64
2750,59
2751,59
2752,42
2753,76
2754,82
2755,77
2756,37
2757,60
2758,67
2759,73
2760,50
2761,42
2762,74
2763,71
2764,40
2765,52
2766,46
2767,54
2768,66
2769,43
2770,52
2771,48
2772,36
2773,40
2774,73
2775,48
2776,59
2777,87
2778,69
2779,84
2780,61
2781,48
2782,72
2783,38
2784,73
2785,83
2786,38
2787,26
2788,39
2789,58
2790,68
2791,58
2792,80
2793,54
2794,96
2795,33
2796,85
2797,29
2798,47
2799,70
2800,44
2801,68
2802,60
2803,75
2804,87
2805,74
2806,60
2807,54
2808,75
2809,66
2810,60
2811,51
2812,71
2813,78
2814,60
2815,56
2816,67
2817,35
2818,54
2819,41
2820,53
2821,34
2822,70
2823,60
2824,65
2825,74
2826,42
2827,38
2828,58
2829,50
2830,35
2831,49
2832,47
2833,51
2834,63
2835,88
2836,55
2837,44
2838,43
2839,66
2840,63
2841,47
2842,32
2843,44
2844,76
2845,37
2846,34
2847,46
2848,69
2849,48
2850,39
2851,59
2852,34
2853,45
2854,43
2855,57
2856,58
2857,48
2858,34
2859,59
2860,36
2861,83
2862,65
2863,60
2864,50
2865,52
2866,58
2867,38
2868,71
2869,76
2870,54
2871,90
2872,70
2873,72
2874,75
2875,76
2876,59
2877,63
2878,38
2879,73
2880,71
2881,44
2882,31
2883,56
2884,47
2885,67
2886,46
2887,35
2888,49
2889,57
2890,39
2891,59
2892,34
2893,74
2894,71
2895,80
2896,71
2897,51
2898,77
2899,50
2900,27
2901,31
2902,53
2903,42
2904,70
2905,32
2906,67
2907,83
2908,57
2909,40
2910,49
2911,34
2912,36
2913,63
2914,39
2915,55
2916,34
2917,63
2918,58
2919,58
2920,58
2921,49
2922,41
2923,70
2924,43
2925,37
2926,50
2927,61
2928,21
2929,71
2930,47
2931,54
2932,38
2933,50
2934,51
2935,44
2936,65
2937,67
2938,42
2939,67
2940,50
2941,56
2942,49
2943,62
2944,69
2945,62
2946,48
2947,54
2948,68
2949,50
2950,70
2951,56
2952,29
2953,39
2954,61
2955,32
2956,41
2957,41
2958,46
2959,59
2960,62
2961,38
2962,38
2963,52
2964,78
2965,30
2966,56
2967,51
2968,78
2969,43
2970,39
2971,50
2972,73
2973,59
2974,55
2975,48
2976,79
2977,36
2978,59
2979,55
2980,51
2981,57
2982,72
2983,42
2984,52
2985,70
2986,38
2987,38
2988,89
2989,67
2990,47
2991,62
2992,40
2993,76
2994,31
2995,77
2996,62
2997,66
2998,67
2999,46
3000,71
3001,71
3002,69
3003,79
3004,63
3005,62
3006,59
3007,81
3008,35
3009,63
3010,52
3011,55
3012,56
3013,52
3014,68
3015,42
3016,50
3017,90
3018,42
3019,39
3020,65
3021,61
3022,89
3023,62
3024,53
3025,31
3026,44
3027,51
3028,59
3029,50
3030,52
3031,43
3032,47
3033,48
3034,50
3035,54
3036,54
3037,68
3038,48
3039,43
3040,56
3041,66
3042,54
3043,43
3044,62
3045,47
3046,77
3047,66
3048,85
3049,48
3050,77
3051,68
3052,65
3053,59
3054,58
3055,82
3056,85
3057,53
3058,44
3059,73
3060,52
3061,43
3062,50
3063,76
3064,48
3065,83
3066,44
3067,51
3068,36
3069,80
3070,56
3071,70
3072,83
3073,57
3074,56
3075,77
3076,56
3077,66
3078,68
3079,64
3080,80
3081,58
3082,51
3083,42
3084,43
3085,77
3086,43
3087,69
3088,66
3089,28
3090,48
3091,59
3092,28
3093,50
3094,71
3095,49
3096,72
3097,45
3098,56
3099,58
3100,65
3101,73
3102,44
3103,44
3104,50
3105,66
3106,68
3107,46
3108,57
3109,45
3110,78
3111,65
3112,62
3113,28
3114,30
3115,96
3116,53
3117,52
3118,60
3119,42
3120,57
3121,53
3122,71
3123,58
3124,39
3125,34
3126,69
3127,39
3128,40
3129,58
3130,63
3131,52
3132,29
3133,73
3134,81
3135,37
3136,50
3137,44
3138,58
3139,52
3140,61
3141,43
3142,63
3143,46
3144,63
3145,52
3146,39
3147,64
3148,43
3149,40
3150,67
3151,47
3152,54
3153,31
3154,58
3155,77
3156,64
3157,49
3158,63
3159,65
3160,62
3161,57
3162,64
3163,52
3164,34
3165,43
3166,54
3167,62
3168,41
3169,60
3170,48
3171,45
3172,40
3173,39
3174,72
3175,56
3176,51
3177,48
3178,46
3179,77
3180,55
3181,60
3182,47
3183,50
3184,62
3185,48
3186,44
3187,59
3188,78
3189,54
3190,49
3191,86
3192,49
3193,36
3194,54
3195,58
3196,40
3197,60
3198,76
3199,82
3200,65
3201,38
3202,53
3203,26
3204,52
3205,84
3206,64
3207,50
3208,70
3209,64
3210,32
3211,41
3212,62
3213,84
3214,70
3215,30
3216,57
3217,66
3218,39
3219,44
3220,36
3221,55
3222,51
3223,47
3224,45
3225,63
3226,33
3227,42
3228,74
3229,52
3230,50
3231,59
3232,53
3233,72
3234,35
3235,63
3236,79
3237,44
3238,56
3239,60
3240,47
3241,60
3242,68
3243,60
3244,73
3245,47
3246,47
3247,37
3248,76
3249,42
3250,68
3251,70
3252,75
3253,51
3254,37
3255,76
3256,66
3257,44
3258,54
3259,62
3260,77
3261,69
3262,36
3263,41
3264,57
3265,38
3266,53
3267,50
3268,68
3269,73
3270,37
3271,73
3272,53
3273,37
3274,46
3275,47
3276,67
3277,27
3278,42
3279,55
3280,70
3281,42
3282,39
3283,43
3284,58
3285,42
3286,46
3287,72
3288,42
3289,67
3290,64
3291,41
3292,37
3293,39
3294,43
3295,80
3296,34
3297,72
3298,58
3299,18
3300,36
3301,54
3302,68
3303,54
3304,76
3305,68
3306,66
3307,32
3308,80
3309,50
3310,63
3311,54
3312,58
3313,77
3314,57
3315,46
3316,39
3317,55
3318,85
3319,63
3320,64
3321,73
3322,66
3323,39
3324,36
3325,57
3326,44
3327,60
3328,56
3329,54
3330,50
3331,36
3332,60
3333,49
3334,43
3335,65
3336,62
3337,50
3338,54
3339,77
3340,46
3341,45
3342,64
3343,41
3344,54
3345,43
3346,47
3347,47
3348,74
3349,72
3350,81
3351,46
3352,51
3353,59
3354,63
3355,80
3356,67
3357,61
3358,50
3359,49
3360,36
3361,37
3362,52
3363,42
3364,56
3365,54
3366,75
3367,57
3368,62
3369,57
3370,34
3371,48
3372,72
3373,72
3374,44
3375,63
3376,61
3377,32
3378,79
3379,46
3380,31
3381,56
3382,66
3383,74
3384,71
3385,30
3386,58
3387,71
3388,62
3389,35
3390,69
3391,45
3392,23
3393,47
3394,60
3395,50
3396,56
3397,57
3398,42
3399,82
3400,50
3401,48
3402,40
3403,43
3404,69
3405,22
3406,41
3407,57
3408,52
3409,42
3410,52
3411,26
3412,59
3413,51
3414,48
3415,74
3416,83
3417,37
3418,44
3419,78
3420,79
3421,70
3422,40
3423,57
3424,53
3425,49
3426,54
3427,69
3428,40
3429,43
3430,33
3431,68
3432,62
3433,33
3434,62
3435,58
3436,75
3437,72
3438,41
3439,52
3440,50
3441,79
3442,35
3443,64
3444,71
3445,65
3446,37
3447,60
3448,67
3449,55
3450,62
3451,70
3452,74
3453,54
3454,40
3455,57
3456,54
3457,54
3458,30
3459,69
3460,55
3461,52
3462,75
3463,43
3464,66
3465,62
3466,54
3467,39
3468,84
3469,39
3470,63
3471,59
3472,33
3473,57
3474,60
3475,34
3476,53
3477,53
3478,76
3479,42
3480,78
3481,40
3482,53
3483,48
3484,51
3485,48
3486,50
3487,70
3488,72
3489,38
3490,56
3491,62
3492,40
3493,82
3494,44
3495,66
3496,56
3497,46
3498,52
3499,80
3500,48
3501,47
3502,74
3503,72
3504,59
3505,59
3506,49
3507,41
3508,33
3509,70
3510,77
3511,58
3512,65
3513,40
3514,50
3515,42
3516,61
3517,62
3518,66
3519,65
3520,41
3521,83
3522,46
3523,65
3524,40
3525,76
3526,72
3527,55
3528,56
3529,63
3530,85
3531,61
3532,64
3533,44
3534,44
3535,56
3536,52
3537,82
3538,40
3539,57
3540,43
3541,47
3542,44
3543,68
3544,44
3545,39
3546,51
3547,41
3548,31
3549,37
3550,68
3551,68
3552,49
3553,64
3554,84
3555,72
3556,75
3557,41
3558,53
3559,62
3560,44
3561,83
3562,39
3563,50
3564,39
3565,43
3566,64
3567,38
3568,56
3569,54
3570,65
3571,48
3572,56
3573,38
3574,76
3575,47
3576,31
3577,53
3578,68
3579,50
3580,64
3581,45
3582,67
3583,72
3584,42
3585,41
3586,63
3587,28
3588,70
3589,37
3590,32
3591,64
3592,41
3593,69
3594,38
3595,64
3596,73
3597,54
3598,52
3599,47
3600,63
3601,58
3602,59
3603,46
3604,53
3605,45
3606,71
3607,55
3608,45
3609,73
3610,49
3611,70
3612,59
3613,54
3614,50
3615,59
3616,46
3617,64
3618,44
3619,65
3620,64
3621,79
3622,40
3623,73
3624,83
3625,44
3626,70
3627,32
3628,55
3629,57
3630,80
3631,68
3632,41
3633,64
3634,38
3635,80
3636,18
3637,47
3638,73
3639,68
3640,73
3641,72
3642,72
3643,28
3644,64
3645,79
3646,46
3647,66
3648,69
3649,49
3650,72
3651,76
3652,43
3653,43
3654,67
3655,50
3656,75
3657,40
3658,53
3659,26
3660,60
3661,69
3662,29
3663,37
3664,56
3665,32
3666,55
3667,71
3668,58
3669,62
3670,76
3671,54
3672,46
3673,45
3674,46
3675,29
3676,48
3677,48
3678,45
3679,50
3680,52
3681,80
3682,28
3683,78
3684,31
3685,67
3686,45
3687,46
3688,38
3689,42
3690,72
3691,27
3692,93
3693,44
3694,37
3695,52
3696,58
3697,37
3698,36
3699,51
3700,34
3701,48
3702,43
3703,72
3704,47
3705,49
3706,40
3707,54
3708,65
3709,57
3710,62
3711,71
3712,46
3713,70
3714,56
3715,36
3716,29
3717,74
3718,33
3719,42
3720,68
3721,48
3722,65
3723,85
3724,38
3725,40
3726,58
3727,71
3728,38
3729,81
3730,49
3731,64
3732,42
3733,54
3734,51
3735,64
3736,71
3737,69
3738,67
3739,56
3740,77
3741,79
3742,63
3743,62
3744,69
3745,56
3746,33
3747,61
3748,72
3749,54
3750,77
3751,57
3752,42
3753,76
3754,34
3755,48
3756,56
3757,80
3758,53
3759,56
3760,57
3761,41
3762,51
3763,36
3764,68
3765,28
3766,73
3767,55
3768,69
3769,73
3770,77
3771,48
3772,56
3773,60
3774,46
3775,54
3776,57
3777,66
3778,51
3779,37
3780,34
3781,42
3782,75
3783,28
3784,99
3785,33
3786,47
3787,68
3788,57
3789,37
3790,73
3791,46
3792,88
3793,75
3794,69
3795,59
3796,48
3797,43
3798,59
3799,58
3800,73
3801,42
3802,40
3803,56
3804,41
3805,61
3806,35
3807,48
3808,38
3809,57
3810,63
3811,56
3812,82
3813,32
3814,75
3815,40
3816,61
3817,57
3818,34
3819,39
3820,51
3821,38
3822,72
3823,59
3824,26
3825,44
3826,45
3827,43
3828,77
3829,83
3830,51
3831,25
3832,73
3833,78
3834,43
3835,53
3836,66
3837,46
3838,28
3839,42
3840,66
3841,40
3842,35
3843,76
3844,56
3845,56
3846,69
3847,33
3848,86
3849,88
3850,61
3851,30
3852,45
3853,45
3854,38
3855,51
3856,54
3857,47
3858,47
3859,60
3860,35
3861,79
3862,75
3863,79
3864,42
3865,60
3866,80
3867,67
3868,72
3869,49
3870,52
3871,41
3872,31
3873,73
3874,73
3875,35
3876,63
3877,57
3878,60
3879,61
3880,66
3881,74
3882,58
3883,51
3884,73
3885,61
3886,50
3887,69
3888,60
3889,58
3890,42
3891,73
3892,62
3893,65
3894,48
3895,76
3896,50
3897,66
3898,50
3899,45
3900,62
3901,63
3902,48
3903,57
3904,42
3905,45
3906,66
3907,51
3908,57
3909,76
3910,69
3911,62
3912,87
3913,70
3914,59
3915,67
3916,86
3917,36
3918,72
3919,33
3920,82
3921,46
3922,19
3923,84
3924,41
3925,60
3926,51
3927,53
3928,85
3929,64
3930,70
3931,60
3932,52
3933,73
3934,73
3935,59
3936,70
3937,57
3938,49
3939,54
3940,49
3941,71
3942,43
3943,67
3944,47
3945,77
3946,54
3947,68
3948,76
3949,37
3950,50
3951,49
3952,79
3953,68
3954,72
3955,50
3956,59
3957,41
3958,37
3959,60
3960,61
3961,66
3962,51
3963,63
3964,56
3965,32
3966,78
3967,78
3968,68
3969,50
3970,48
3971,81
3972,80
3973,50
3974,65
3975,58
3976,48
3977,60
3978,69
3979,42
3980,71
3981,78
3982,59
3983,44
3984,33
3985,74
3986,84
3987,72
3988,55
3989,61
3990,55
3991,24
3992,46
3993,59
3994,35
3995,58
3996,60
3997,69
3998,31
3999,41
4000,63
4001,75
4002,37
4003,65
4004,45
4005,88
4006,52
4007,79
4008,55
4009,42
4010,50
4011,37
4012,81
4013,59
4014,63
4015,59
4016,61
4017,60
4018,67
4019,67
4020,28
4021,49
4022,62
4023,60
4024,35
4025,51
4026,63
4027,69
4028,33
4029,44
4030,32
4031,54
4032,42
4033,57
4034,61
4035,64
4036,40
4037,37
4038,62
4039,57
4040,60
4041,37
4042,69
4043,82
4044,80
4045,40
4046,46
4047,57
4048,47
4049,74
4050,62
4051,45
4052,48
4053,79
4054,67
4055,57
4056,54
4057,48
4058,60
4059,73
4060,56
4061,67
4062,75
4063,45
4064,64
4065,69
4066,38
4067,50
4068,51
4069,67
4070,46
4071,46
4072,65
4073,49
4074,46
4075,67
4076,79
4077,50
4078,72
4079,48
4080,57
4081,66
4082,72
4083,38
4084,73
4085,64
4086,74
4087,44
4088,42
4089,54
4090,85
4091,39
4092,74
4093,70
4094,77
4095,58
4096,56
4097,37
4098,66
4099,53
4100,53
4101,40
4102,75
4103,67
4104,41
4105,81
4106,49
4107,60
4108,46
4109,55
4110,82
4111,74
4112,64
4113,73
4114,78
4115,53
4116,65
4117,70
4118,63
4119,69
4120,54
4121,58
4122,61
4123,71
4124,57
4125,41
4126,65
4127,65
4128,45
4129,58
4130,57
4131,83
4132,46
4133,72
4134,75
4135,43
4136,54
4137,45
4138,61
4139,74
4140,47
4141,43
4142,35
4143,41
4144,68
4145,66
4146,57
4147,72
4148,59
4149,53
4150,57
4151,43
4152,48
4153,44
4154,47
4155,81
4156,58
4157,57
4158,72
4159,48
4160,46
4161,51
4162,53
4163,71
4164,62
4165,55
4166,63
4167,48
4168,43
4169,58
4170,49
4171,39
4172,39
4173,44
4174,47
4175,50
4176,52
4177,43
4178,84
4179,45
4180,71
4181,42
4182,73
4183,40
4184,60
4185,71
4186,45
4187,56
4188,24
4189,78
4190,49
4191,62
4192,60
4193,58
4194,49
4195,67
4196,62
4197,68
4198,66
4199,40
4200,76
4201,62
4202,53
4203,43
4204,66
4205,79
4206,58
4207,66
4208,49
4209,72
4210,28
4211,53
4212,88
4213,50
4214,65
4215,66
4216,46
4217,67
4218,57
4219,42
4220,63
4221,82
4222,43
4223,45
4224,90
4225,69
4226,78
4227,38
4228,69
4229,71
4230,53
4231,60
4232,76
4233,80
4234,35
4235,41
4236,65
4237,48
4238,80
4239,46
4240,38
4241,58
4242,47
4243,66
4244,35
4245,62
4246,67
4247,88
4248,53
4249,57
4250,38
4251,46
4252,47
4253,75
4254,62
4255,55
4256,60
4257,74
4258,40
4259,39
4260,38
4261,53
4262,49
4263,37
4264,81
4265,55
4266,33
4267,78
4268,74
4269,20
4270,36
4271,35
4272,56
4273,53
4274,43
4275,51
4276,57
4277,64
4278,47
4279,38
4280,44
4281,70
4282,66
4283,59
4284,48
4285,72
4286,38
4287,66
4288,48
4289,81
4290,69
4291,48
4292,66
4293,65
4294,54
4295,74
4296,59
4297,42
4298,62
4299,32
4300,51
4301,49
4302,81
4303,47
4304,52
4305,52
4306,46
4307,55
4308,34
4309,64
4310,57
4311,63
4312,75
4313,41
4314,35
4315,34
4316,46
4317,75
4318,44
4319,47
4320,46
4321,47
4322,56
4323,62
4324,59
4325,74
4326,32
4327,43
4328,51
4329,64
4330,62
4331,39
4332,61
4333,57
4334,73
4335,71
4336,69
4337,89
4338,82
4339,35
4340,29
4341,42
4342,44
4343,59
4344,86
4345,58
4346,62
4347,57
4348,80
4349,44
4350,64
4351,37
4352,68
4353,54
4354,53
4355,59
4356,77
4357,52
4358,52
4359,38
4360,40
4361,78
4362,48
4363,42
4364,58
4365,85
4366,32
4367,61
4368,67
4369,41
4370,86
4371,88
4372,69
4373,69
4374,30
4375,43
4376,41
4377,67
4378,49
4379,41
4380,33
4381,60
4382,49
4383,67
4384,48
4385,54
4386,77
4387,80
4388,31
4389,62
4390,63
4391,58
4392,47
4393,46
4394,51
4395,67
4396,86
4397,58
4398,34
4399,61
4400,39
4401,73
4402,48
4403,52
4404,45
4405,60
4406,63
4407,57
4408,39
4409,70
4410,48
4411,51
4412,70
4413,39
4414,61
4415,39
4416,73
4417,51
4418,48
4419,76
4420,56
4421,57
4422,39
4423,51
4424,47
4425,48
4426,66
4427,82
4428,51
4429,86
4430,50
4431,60
4432,47
4433,43
4434,27
4435,78
4436,49
4437,67
4438,54
4439,82
4440,53
4441,39
4442,73
4443,51
4444,54
4445,62
4446,37
4447,50
4448,89
4449,46
4450,62
4451,56
4452,37
4453,46
4454,62
4455,59
4456,65
4457,55
4458,37
4459,67
4460,55
4461,32
4462,63
4463,44
4464,56
4465,64
4466,59
4467,56
4468,68
4469,69
4470,77
4471,37
4472,48
4473,64
4474,53
4475,73
4476,25
4477,58
4478,67
4479,61
4480,75
4481,58
4482,62
4483,50
4484,46
4485,42
4486,37
4487,52
4488,28
4489,52
4490,67
4491,58
4492,80
4493,57
4494,79
4495,60
4496,35
4497,45
4498,68
4499,29
4500,36
4501,88
4502,89
4503,43
4504,31
4505,41
4506,64
4507,72
4508,75
4509,41
4510,41
4511,83
4512,50
4513,52
4514,70
4515,50
4516,46
4517,32
4518,82
4519,43
4520,56
4521,63
4522,56
4523,52
4524,70
4525,44
4526,59
4527,35
4528,85
4529,77
4530,52
4531,53
4532,60
4533,64
4534,39
4535,46
4536,53
4537,58
4538,47
4539,54
4540,69
4541,81
4542,47
4543,52
4544,53
4545,53
4546,77
4547,62
4548,58
4549,71
4550,42
4551,59
4552,43
4553,75
4554,37
4555,52
4556,49
4557,53
4558,49
4559,82
4560,33
4561,66
4562,56
4563,51
4564,58
4565,43
4566,58
4567,51
4568,52
4569,64
4570,57
4571,71
4572,42
4573,57
4574,47
4575,41
4576,62
4577,44
4578,71
4579,80
4580,59
4581,83
4582,53
4583,66
4584,46
4585,34
4586,38
4587,55
4588,63
4589,25
4590,45
4591,44
4592,67
4593,64
4594,59
4595,56
4596,34
4597,82
4598,66
4599,45
4600,57
4601,52
4602,41
4603,39
4604,61
4605,59
4606,45
4607,65
4608,42
4609,40
4610,57
4611,28
4612,42
4613,30
4614,36
4615,45
4616,45
4617,48
4618,36
4619,49
4620,80
4621,75
4622,80
4623,56
4624,48
4625,74
4626,43
4627,65
4628,39
4629,44
4630,40
4631,54
4632,73
4633,52
4634,98
4635,71
4636,42
4637,39
4638,64
4639,66
4640,54
4641,66
4642,59
4643,51
4644,53
4645,44
4646,62
4647,54
4648,58
4649,80
4650,88
4651,33
4652,58
4653,42
4654,56
4655,66
4656,68
4657,75
4658,53
4659,51
4660,73
4661,52
4662,55
4663,76
4664,72
4665,60
4666,71
4667,31
4668,71
4669,92
4670,43
4671,59
4672,40
4673,58
4674,40
4675,71
4676,54
4677,56
4678,65
4679,41
4680,37
4681,73
4682,37
4683,76
4684,75
4685,53
4686,48
4687,70
4688,51
4689,49
4690,50
4691,41
4692,25
4693,54
4694,82
4695,39
4696,77
4697,71
4698,51
4699,60
4700,47
4701,58
4702,67
4703,50
4704,53
4705,67
4706,79
4707,52
4708,35
4709,46
4710,33
4711,58
4712,53
4713,71
4714,64
4715,52
4716,72
4717,76
4718,43
4719,66
4720,44
4721,65
4722,58
4723,55
4724,65
4725,44
4726,88
4727,56
4728,62
4729,57
4730,49
4731,37
4732,66
4733,38
4734,63
4735,73
4736,60
4737,85
4738,41
4739,61
4740,52
4741,51
4742,64
4743,80
4744,71
4745,32
4746,56
4747,48
4748,83
4749,40
4750,44
4751,76
4752,70
4753,34
4754,38
4755,45
4756,51
4757,48
4758,46
4759,50
4760,48
4761,71
4762,49
4763,44
4764,33
4765,42
4766,39
4767,73
4768,68
4769,62
4770,80
4771,64
4772,35
4773,42
4774,33
4775,34
4776,44
4777,54
4778,39
4779,72
4780,52
4781,74
4782,37
4783,44
4784,69
4785,72
4786,46
4787,44
4788,68
4789,31
4790,60
4791,31
4792,67
4793,61
4794,42
4795,37
4796,50
4797,40
4798,41
4799,66
4800,68
4801,52
4802,38
4803,46
4804,57
4805,29
4806,38
4807,45
4808,35
4809,58
4810,38
4811,81
4812,58
4813,66
4814,56
4815,63
4816,90
4817,24
4818,75
4819,58
4820,49
4821,72
4822,71
4823,66
4824,45
4825,62
4826,50
4827,76
4828,69
4829,69
4830,50
4831,75
4832,87
4833,59
4834,42
4835,36
4836,44
4837,40
4838,47
4839,50
4840,44
4841,38
4842,48
4843,32
4844,40
4845,92
4846,66
4847,40
4848,50
4849,49
4850,38
4851,30
4852,34
4853,66
4854,47
4855,69
4856,73
4857,46
4858,41
4859,72
4860,59
4861,35
4862,45
4863,27
4864,56
4865,58
4866,52
4867,67
4868,68
4869,48
4870,82
4871,80
4872,56
4873,48
4874,63
4875,62
4876,60
4877,67
4878,81
4879,76
4880,47
4881,49
4882,35
4883,60
4884,50
4885,38
4886,44
4887,50
4888,60
4889,52
4890,63
4891,64
4892,26
4893,58
4894,31
4895,63
4896,50
4897,60
4898,48
4899,63
4900,52
4901,64
4902,67
4903,73
4904,54
4905,55
4906,69
4907,37
4908,65
4909,74
4910,77
4911,69
4912,73
4913,94
4914,39
4915,29
4916,55
4917,52
4918,58
4919,60
4920,39
4921,31
4922,54
4923,51
4924,60
4925,55
4926,59
4927,47
4928,42
4929,64
4930,68
4931,70
4932,55
4933,41
4934,32
4935,69
4936,57
4937,74
4938,69
4939,57
4940,65
4941,60
4942,34
4943,38
4944,74
4945,99
4946,51
4947,52
4948,41
4949,70
4950,75
4951,58
4952,84
4953,66
4954,59
4955,63
4956,85
4957,70
4958,60
4959,37
4960,48
4961,37
4962,46
4963,60
4964,38
4965,59
4966,70
4967,61
4968,77
4969,41
4970,51
4971,32
4972,67
4973,71
4974,68
4975,57
4976,57
4977,50
4978,50
4979,51
4980,79
4981,58
4982,63
4983,42
4984,59
4985,99
4986,67
4987,64
4988,40
4989,45
4990,59
4991,52
4992,51
4993,38
4994,38
4995,72
4996,46
4997,69
4998,71
4999,83
5000,63
5001,53
5002,51
5003,49
5004,81
5005,70
5006,58
5007,27
5008,55
5009,38
5010,38
5011,57
5012,67
5013,34
5014,40
5015,77
5016,25
5017,70
5018,67
5019,80
5020,38
5021,63
5022,73
5023,62
5024,39
5025,45
5026,41
5027,66
5028,62
5029,36
5030,32
5031,41
5032,66
5033,54
5034,39
5035,35
5036,65
5037,63
5038,67
5039,72
5040,54
5041,46
5042,45
5043,62
5044,70
5045,45
5046,46
5047,31
5048,43
5049,55
5050,53
5051,86
5052,43
5053,72
5054,86
5055,50
5056,40
5057,45
5058,71
5059,61
5060,78
5061,46
5062,44
5063,56
5064,65
5065,52
5066,73
5067,40
5068,45
5069,51
5070,30
5071,71
5072,17
5073,69
5074,63
5075,52
5076,66
5077,54
5078,43
5079,29
5080,49
5081,53
5082,76
5083,72
5084,74
5085,39
5086,37
5087,64
5088,87
5089,62
5090,45
5091,45
5092,43
5093,53
5094,39
5095,63
5096,55
5097,44
5098,40
5099,73
5100,78
5101,66
5102,59
5103,75
5104,59
5105,65
5106,52
5107,55
5108,50
5109,59
5110,54
5111,48
5112,48
5113,63
5114,42
5115,45
5116,50
5117,48
5118,79
5119,84
5120,88
5121,56
5122,60
5123,50
5124,54
5125,66
5126,81
5127,68
5128,60
5129,58
5130,45
5131,56
5132,51
5133,74
5134,58
5135,63
5136,24
5137,35
5138,49
5139,89
5140,41
5141,30
5142,47
5143,67
5144,51
5145,58
5146,77
5147,49
5148,68
5149,51
5150,42
5151,76
5152,63
5153,62
5154,36
5155,80
5156,49
5157,45
5158,57
5159,67
5160,76
5161,40
5162,73
5163,59
5164,56
5165,74
5166,63
5167,65
5168,50
5169,64
5170,60
5171,61
5172,46
5173,38
5174,63
5175,77
5176,78
5177,55
5178,50
5179,65
5180,61
5181,37
5182,60
5183,58
5184,77
5185,45
5186,77
5187,73
5188,45
5189,66
5190,84
5191,63
5192,54
5193,75
5194,53
5195,86
5196,57
5197,57
5198,64
5199,47
5200,87
5201,42
5202,69
5203,39
5204,53
5205,90
5206,50
5207,37
5208,51
5209,56
5210,52
5211,53
5212,70
5213,64
5214,51
5215,73
5216,52
5217,73
5218,55
5219,51
5220,63
5221,41
5222,51
5223,66
5224,56
5225,43
5226,53
5227,82
5228,63
5229,87
5230,36
5231,58
5232,33
5233,60
5234,67
5235,39
5236,51
5237,71
5238,60
5239,51
5240,78
5241,55
5242,43
5243,74
5244,62
5245,41
5246,50
5247,77
5248,62
5249,56
5250,53
5251,54
5252,83
5253,34
5254,38
5255,53
5256,75
5257,72
5258,68
5259,38
5260,50
5261,58
5262,20
5263,66
5264,29
5265,47
5266,50
5267,78
5268,44
5269,57
5270,50
5271,40
5272,31
5273,76
5274,52
5275,58
5276,83
5277,41
5278,48
5279,39
5280,66
5281,73
5282,47
5283,35
5284,63
5285,47
5286,25
5287,31
5288,78
5289,53
5290,50
5291,47
5292,65
5293,56
5294,84
5295,42
5296,64
5297,49
5298,49
5299,35
5300,80
5301,33
5302,55
5303,51
5304,57
5305,56
5306,50
5307,45
5308,62
5309,77
5310,54
5311,57
5312,45
5313,65
5314,37
5315,41
5316,49
5317,66
5318,63
5319,38
5320,75
5321,52
5322,39
5323,38
5324,44
5325,38
5326,71
5327,49
5328,75
5329,81
5330,62
5331,65
5332,45
5333,56
5334,43
5335,84
5336,59
5337,44
5338,68
5339,58
5340,52
5341,29
5342,51
5343,53
5344,74
5345,38
5346,27
5347,33
5348,41
5349,60
5350,66
5351,43
5352,67
5353,33
5354,65
5355,43
5356,46
5357,53
5358,75
5359,56
5360,60
5361,28
5362,46
5363,72
5364,71
5365,39
5366,47
5367,72
5368,62
5369,55
5370,42
5371,56
5372,43
5373,48
5374,61
5375,78
5376,54
5377,30
5378,42
5379,31
5380,51
5381,51
5382,68
5383,52
5384,96
5385,46
5386,55
5387,65
5388,58
5389,61
5390,53
5391,46
5392,38
5393,61
5394,52
5395,66
5396,83
5397,42
5398,37
5399,33
5400,42
5401,43
5402,44
5403,72
5404,64
5405,66
5406,39
5407,55
5408,42
5409,48
5410,63
5411,55
5412,38
5413,61
5414,87
5415,76
5416,59
5417,66
5418,50
5419,64
5420,59
5421,48
5422,79
5423,56
5424,69
5425,62
5426,73
5427,53
5428,68
5429,32
5430,34
5431,58
5432,68
5433,79
5434,72
5435,35
5436,67
5437,64
5438,54
5439,45
5440,28
5441,52
5442,62
5443,51
5444,65
5445,44
5446,61
5447,73
5448,53
5449,57
5450,42
5451,71
5452,42
5453,46
5454,49
5455,67
5456,68
5457,75
5458,68
5459,29
5460,80
5461,29
5462,73
5463,59
5464,76
5465,68
5466,48
5467,69
5468,54
5469,82
5470,66
5471,58
5472,46
5473,80
5474,47
5475,47
5476,73
5477,74
5478,67
5479,46
5480,34
5481,50
5482,68
5483,67
5484,77
5485,50
5486,72
5487,51
5488,44
5489,77
5490,71
5491,63
5492,61
5493,51
5494,43
5495,69
5496,78
5497,47
5498,40
5499,63
5500,54
5501,56
5502,54
5503,40
5504,45
5505,48
5506,46
5507,75
5508,62
5509,55
5510,51
5511,36
5512,50
5513,49
5514,54
5515,71
5516,62
5517,42
5518,36
5519,40
5520,71
5521,55
5522,53
5523,51
5524,56
5525,34
5526,56
5527,60
5528,67
5529,79
5530,49
5531,30
5532,36
5533,61
5534,69
5535,63
5536,38
5537,50
5538,71
5539,76
5540,69
5541,72
5542,67
5543,50
5544,49
5545,53
5546,68
5547,75
5548,41
5549,40
5550,60
5551,76
5552,60
5553,64
5554,38
5555,56
5556,18
5557,60
5558,73
5559,44
5560,63
5561,40
5562,80
5563,72
5564,96
5565,73
5566,43
5567,75
5568,42
5569,41
5570,61
5571,84
5572,38
5573,51
5574,78
5575,41
5576,75
5577,29
5578,40
5579,78
5580,92
5581,58
5582,48
5583,36
5584,49
5585,43
5586,42
5587,67
5588,38
5589,34
5590,47
5591,39
5592,57
5593,81
5594,44
5595,41
5596,44
5597,63
5598,44
5599,54
5600,63
5601,67
5602,52
5603,42
5604,40
5605,23
5606,55
5607,85
5608,50
5609,45
5610,36
5611,42
5612,63
5613,75
5614,80
5615,36
5616,28
5617,81
5618,47
5619,50
5620,42
5621,90
5622,48
5623,85
5624,79
5625,56
5626,82
5627,36
5628,40
5629,54
5630,44
5631,53
5632,48
5633,63
5634,55
5635,45
5636,72
5637,73
5638,51
5639,46
5640,47
5641,70
5642,66
5643,57
5644,40
5645,78
5646,68
5647,41
5648,55
5649,68
5650,60
5651,49
5652,39
5653,50
5654,42
5655,60
5656,72
5657,53
5658,67
5659,63
5660,86
5661,67
5662,50
5663,49
5664,75
5665,64
5666,40
5667,88
5668,41
5669,58
5670,47
5671,30
5672,68
5673,62
5674,32
5675,63
5676,48
5677,49
5678,22
5679,68
5680,71
5681,39
5682,45
5683,22
5684,76
5685,71
5686,61
5687,63
5688,38
5689,46
5690,38
5691,62
5692,33
5693,70
5694,32
5695,66
5696,44
5697,62
5698,34
5699,32
5700,55
5701,63
5702,52
5703,71
5704,70
5705,82
5706,48
5707,36
5708,33
5709,61
5710,40
5711,79
5712,53
5713,67
5714,32
5715,51
5716,76
5717,39
5718,30
5719,66
5720,32
5721,58
5722,37
5723,57
5724,59
5725,37
5726,41
5727,80
5728,24
5729,75
5730,46
5731,41
5732,50
5733,76
5734,69
5735,48
5736,53
5737,33
5738,36
5739,42
5740,39
5741,60
5742,55
5743,46
5744,68
5745,63
5746,65
5747,49
5748,57
5749,63
5750,42
5751,64
5752,68
5753,52
5754,67
5755,49
5756,52
5757,36
5758,70
5759,45
5760,56
5761,42
5762,48
5763,57
5764,51
5765,55
5766,34
5767,70
5768,59
5769,48
5770,49
5771,55
5772,64
5773,66
5774,41
5775,62
5776,30
5777,47
5778,78
5779,79
5780,70
5781,43
5782,42
5783,73
5784,48
5785,53
5786,80
5787,62
5788,43
5789,60
5790,59
5791,39
5792,21
5793,38
5794,49
5795,71
5796,46
5797,53
5798,45
5799,44
5800,64
5801,35
5802,30
5803,82
5804,42
5805,52
5806,57
5807,61
5808,74
5809,68
5810,39
5811,69
5812,84
5813,50
5814,44
5815,65
5816,57
5817,83
5818,60
5819,80
5820,44
5821,68
5822,47
5823,39
5824,65
5825,102
5826,42
5827,28
5828,51
5829,57
5830,52
5831,37
5832,54
5833,80
5834,59
5835,78
5836,40
5837,89
5838,85
5839,56
5840,37
5841,48
5842,57
5843,53
5844,42
5845,75
5846,60
5847,40
5848,42
5849,75
5850,71
5851,69
5852,54
5853,56
5854,56
5855,35
5856,51
5857,42
5858,58
5859,81
5860,81
5861,50
5862,64
5863,69
5864,91
5865,76
5866,56
5867,36
5868,48
5869,26
5870,53
5871,57
5872,55
5873,62
5874,45
5875,78
5876,80
5877,41
5878,74
5879,53
5880,51
5881,49
5882,64
5883,33
5884,38
5885,77
5886,70
5887,34
5888,78
5889,52
5890,58
5891,63
5892,37
5893,40
5894,45
5895,41
5896,38
5897,75
5898,38
5899,66
5900,67
5901,30
5902,52
5903,69
5904,66
5905,46
5906,55
5907,80
5908,39
5909,62
5910,44
5911,50
5912,57
5913,90
5914,48
5915,58
5916,51
5917,34
5918,81
5919,57
5920,53
5921,57
5922,75
5923,32
5924,78
5925,29
5926,66
5927,73
5928,47
5929,48
5930,53
5931,76
5932,80
5933,41
5934,45
5935,61
5936,51
5937,84
5938,72
5939,34
5940,43
5941,60
5942,81
5943,52
5944,54
5945,64
5946,48
5947,35
5948,50
5949,39
5950,71
5951,85
5952,76
5953,49
5954,72
5955,59
5956,76
5957,34
5958,35
5959,62
5960,42
5961,35
5962,63
5963,62
5964,63
5965,65
5966,60
5967,35
5968,68
5969,44
5970,56
5971,84
5972,60
5973,41
5974,68
5975,44
5976,76
5977,52
5978,90
5979,35
5980,46
5981,43
5982,62
5983,68
5984,46
5985,48
5986,38
5987,35
5988,81
5989,42
5990,73
5991,39
5992,68
5993,74
5994,72
5995,89
5996,78
5997,71
5998,86
5999,48
6000,56
6001,55
6002,45
6003,37
6004,69
6005,37
6006,28
6007,44
6008,35
6009,84
6010,58
6011,96
6012,53
6013,52
6014,79
6015,31
6016,49
6017,50
6018,52
6019,50
6020,56
6021,71
6022,40
6023,77
6024,68
6025,69
6026,53
6027,40
6028,83
6029,40
6030,78
6031,50
6032,88
6033,51
6034,80
6035,37
6036,100
6037,60
6038,45
6039,41
6040,82
6041,73
6042,77
6043,45
6044,54
6045,61
6046,59
6047,56
6048,49
6049,56
6050,68
6051,86
6052,51
6053,55
6054,46
6055,49
6056,57
6057,34
6058,24
6059,62
6060,57
6061,55
6062,60
6063,87
6064,61
6065,58
6066,64
6067,66
6068,98
6069,73
6070,57
6071,47
6072,45
6073,28
6074,63
6075,40
6076,70
6077,68
6078,35
6079,42
6080,30
6081,70
6082,92
6083,68
6084,41
6085,92
6086,36
6087,59
6088,70
6089,47
6090,75
6091,50
6092,48
6093,46
6094,82
6095,53
6096,44
6097,79
6098,52
6099,97
6100,30
6101,47
6102,48
6103,53
6104,56
6105,80
6106,58
6107,39
6108,46
6109,77
6110,72
6111,94
6112,49
6113,89
6114,50
6115,62
6116,32
6117,52
6118,49
6119,52
6120,38
6121,23
6122,69
6123,46
6124,73
6125,82
6126,30
6127,64
6128,49
6129,39
6130,63
6131,44
6132,59
6133,48
6134,44
6135,69
6136,58
6137,38
6138,42
6139,72
6140,70
6141,40
6142,46
6143,52
6144,74
6145,40
6146,50
6147,44
6148,50
6149,53
6150,71
6151,71
6152,57
6153,23
6154,58
6155,80
6156,31
6157,58
6158,34
6159,58
6160,46
6161,92
6162,49
6163,47
6164,46
6165,32
6166,57
6167,61
6168,72
6169,53
6170,82
6171,79
6172,72
6173,42
6174,52
6175,89
6176,45
6177,47
6178,33
6179,37
6180,52
6181,47
6182,37
6183,54
6184,50
6185,69
6186,58
6187,58
6188,42
6189,38
6190,68
6191,68
6192,44
6193,31
6194,72
6195,53
6196,46
6197,32
6198,55
6199,48
6200,47
6201,43
6202,65
6203,77
6204,49
6205,77
6206,54
6207,37
6208,51
6209,32
6210,67
6211,86
6212,52
6213,65
6214,51
6215,56
6216,28
6217,57
6218,42
6219,62
6220,32
6221,47
6222,80
6223,55
6224,53
6225,32
6226,44
6227,65
6228,78
6229,62
6230,56
6231,39
6232,75
6233,83
6234,42
6235,67
6236,60
6237,50
6238,67
6239,69
6240,30
6241,49
6242,42
6243,59
6244,24
6245,32
6246,46
6247,42
6248,79
6249,44
6250,74
6251,34
6252,69
6253,45
6254,67
6255,51
6256,53
6257,89
6258,70
6259,51
6260,33
6261,65
6262,74
6263,52
6264,83
6265,28
6266,37
6267,48
6268,59
6269,67
6270,48
6271,63
6272,87
6273,70
6274,41
6275,38
6276,36
6277,61
6278,34
6279,83
6280,73
6281,81
6282,50
6283,63
6284,71
6285,39
6286,64
6287,71
6288,80
6289,58
6290,51
6291,54
6292,53
6293,27
6294,70
6295,37
6296,74
6297,60
6298,74
6299,38
6300,62
6301,49
6302,33
6303,69
6304,93
6305,35
6306,41
6307,65
6308,62
6309,86
6310,42
6311,76
6312,65
6313,64
6314,92
6315,92
6316,51
6317,34
6318,62
6319,39
6320,65
6321,86
6322,70
6323,65
6324,45
6325,67
6326,79
6327,48
6328,34
6329,56
6330,36
6331,51
6332,80
6333,33
6334,60
6335,59
6336,51
6337,76
6338,62
6339,44
6340,77
6341,52
6342,61
6343,68
6344,44
6345,47
6346,56
6347,57
6348,68
6349,41
6350,29
6351,50
6352,46
6353,52
6354,83
6355,51
6356,42
6357,47
6358,27
6359,58
6360,46
6361,26
6362,86
6363,35
6364,52
6365,50
6366,68
6367,44
6368,50
6369,81
6370,57
6371,70
6372,45
6373,60
6374,57
6375,56
6376,63
6377,47
6378,55
6379,49
6380,79
6381,75
6382,51
6383,63
6384,42
6385,62
6386,35
6387,64
6388,56
6389,50
6390,57
6391,51
6392,68
6393,67
6394,75
6395,81
6396,42
6397,65
6398,78
6399,56
6400,68
6401,80
6402,52
6403,30
6404,61
6405,50
6406,55
6407,60
6408,37
6409,59
6410,69
6411,54
6412,74
6413,36
6414,87
6415,53
6416,81
6417,69
6418,54
6419,77
6420,50
6421,73
6422,59
6423,65
6424,43
6425,62
6426,50
6427,38
6428,46
6429,50
6430,43
6431,83
6432,51
6433,40
6434,44
6435,41
6436,52
6437,51
6438,53
6439,73
6440,44
6441,46
6442,65
6443,52
6444,51
6445,24
6446,68
6447,59
6448,46
6449,56
6450,44
6451,82
6452,37
6453,82
6454,66
6455,49
6456,47
6457,62
6458,61
6459,65
6460,64
6461,43
6462,49
6463,36
6464,29
6465,52
6466,62
6467,52
6468,66
6469,75
6470,51
6471,80
6472,50
6473,54
6474,39
6475,82
6476,36
6477,63
6478,36
6479,58
6480,50
6481,53
6482,65
6483,50
6484,56
6485,91
6486,63
6487,46
6488,43
6489,31
6490,50
6491,74
6492,89
6493,41
6494,74
6495,80
6496,55
6497,93
6498,51
6499,42
6500,60
6501,45
6502,46
6503,35
6504,69
6505,51
6506,75
6507,47
6508,59
6509,77
6510,58
6511,57
6512,70
6513,54
6514,50
6515,46
6516,51
6517,41
6518,50
6519,51
6520,82
6521,58
6522,44
6523,84
6524,59
6525,59
6526,90
6527,42
6528,59
6529,46
6530,70
6531,58
6532,47
6533,57
6534,45
6535,65
6536,57
6537,76
6538,63
6539,59
6540,47
6541,59
6542,43
6543,73
6544,42
6545,47
6546,61
6547,69
6548,58
6549,46
6550,68
6551,54
6552,67
6553,53
6554,38
6555,44
6556,80
6557,30
6558,38
6559,65
6560,32
6561,57
6562,35
6563,46
6564,92
6565,37
6566,70
6567,62
6568,49
6569,73
6570,42
6571,36
6572,45
6573,33
6574,53
6575,41
6576,74
6577,50
6578,67
6579,76
6580,44
6581,44
6582,87
6583,70
6584,87
6585,67
6586,68
6587,61
6588,37
6589,48
6590,70
6591,43
6592,76
6593,73
6594,81
6595,52
6596,66
6597,35
6598,55
6599,45
6600,76
6601,42
6602,36
6603,44
6604,76
6605,63
6606,37
6607,32
6608,28
6609,71
6610,38
6611,45
6612,55
6613,42
6614,47
6615,50
6616,62
6617,80
6618,53
6619,61
6620,54
6621,74
6622,68
6623,32
6624,97
6625,71
6626,58
6627,35
6628,72
6629,52
6630,74
6631,70
6632,76
6633,67
6634,72
6635,52
6636,69
6637,43
6638,45
6639,65
6640,54
6641,60
6642,45
6643,71
6644,57
6645,53
6646,61
6647,66
6648,46
6649,45
6650,57
6651,63
6652,42
6653,33
6654,43
6655,63
6656,65
6657,44
6658,43
6659,57
6660,77
6661,40
6662,37
6663,46
6664,28
6665,64
6666,51
6667,56
6668,40
6669,55
6670,51
6671,53
6672,58
6673,38
6674,75
6675,116
6676,47
6677,41
6678,53
6679,73
6680,61
6681,49
6682,32
6683,79
6684,59
6685,35
6686,30
6687,74
6688,53
6689,30
6690,26
6691,41
6692,82
6693,39
6694,85
6695,48
6696,60
6697,81
6698,46
6699,53
6700,70
6701,49
6702,36
6703,92
6704,87
6705,84
6706,67
6707,47
6708,74
6709,70
6710,67
6711,40
6712,79
6713,74
6714,45
6715,52
6716,78
6717,56
6718,53
6719,70
6720,61
6721,46
6722,78
6723,74
6724,65
6725,60
6726,54
6727,69
6728,33
6729,56
6730,21
6731,48
6732,32
6733,53
6734,39
6735,64
6736,81
6737,43
6738,93
6739,68
6740,54
6741,48
6742,87
6743,56
6744,51
6745,56
6746,53
6747,59
6748,86
6749,72
6750,59
6751,89
6752,48
6753,31
6754,78
6755,59
6756,34
6757,60
6758,58
6759,60
6760,55
6761,46
6762,29
6763,60
6764,33
6765,66
6766,76
6767,62
6768,50
6769,38
6770,78
6771,53
6772,94
6773,30
6774,52
6775,40
6776,44
6777,62
6778,38
6779,36
6780,37
6781,57
6782,83
6783,73
6784,79
6785,34
6786,34
6787,56
6788,74
6789,34
6790,65
6791,48
6792,42
6793,49
6794,49
6795,56
6796,62
6797,61
6798,48
6799,42
6800,84
6801,35
6802,53
6803,102
6804,57
6805,55
6806,65
6807,58
6808,51
6809,39
6810,60
6811,65
6812,63
6813,41
6814,43
6815,68
6816,69
6817,75
6818,61
6819,38
6820,51
6821,47
6822,80
6823,73
6824,53
6825,66
6826,31
6827,52
6828,65
6829,63
6830,42
6831,44
6832,44
6833,56
6834,52
6835,39
6836,56
6837,72
6838,66
6839,58
6840,84
6841,64
6842,46
6843,30
6844,65
6845,24
6846,49
6847,72
6848,39
6849,74
6850,81
6851,52
6852,57
6853,81
6854,71
6855,73
6856,77
6857,81
6858,80
6859,45
6860,67
6861,71
6862,63
6863,17
6864,45
6865,35
6866,47
6867,72
6868,36
6869,52
6870,38
6871,70
6872,48
6873,31
6874,76
6875,41
6876,21
6877,47
6878,60
6879,55
6880,74
6881,34
6882,44
6883,49
6884,64
6885,41
6886,30
6887,46
6888,28
6889,38
6890,87
6891,62
6892,39
6893,48
6894,50
6895,53
6896,93
6897,88
6898,62
6899,52
6900,54
6901,62
6902,45
6903,55
6904,43
6905,64
6906,81
6907,44
6908,56
6909,45
6910,62
6911,46
6912,65
6913,66
6914,84
6915,34
6916,64
6917,38
6918,67
6919,75
6920,38
6921,40
6922,68
6923,54
6924,34
6925,47
6926,48
6927,33
6928,37
6929,28
6930,32
6931,39
6932,39
6933,44
6934,41
6935,56
6936,40
6937,80
6938,77
6939,58
6940,54
6941,51
6942,61
6943,32
6944,27
6945,68
6946,51
6947,36
6948,60
6949,68
6950,55
6951,62
6952,39
6953,37
6954,61
6955,39
6956,58
6957,76
6958,42
6959,43
6960,56
6961,44
6962,88
6963,62
6964,69
6965,71
6966,61
6967,52
6968,42
6969,46
6970,39
6971,66
6972,62
6973,28
6974,34
6975,46
6976,61
6977,95
6978,66
6979,61
6980,40
6981,54
6982,34
6983,81
6984,56
6985,27
6986,65
6987,44
6988,65
6989,58
6990,49
6991,38
6992,69
6993,88
6994,38
6995,68
6996,49
6997,83
6998,51
6999,61
7000,55
7001,45
7002,52
7003,80
7004,50
7005,40
7006,60
7007,84
7008,68
7009,73
7010,42
7011,31
7012,51
7013,38
7014,36
7015,17
7016,58
7017,58
7018,48
7019,69
7020,81
7021,77
7022,39
7023,48
7024,52
7025,55
7026,70
7027,49
7028,59
7029,43
7030,63
7031,47
7032,31
7033,41
7034,40
7035,87
7036,35
7037,54
7038,35
7039,87
7040,88
7041,37
7042,32
7043,74
7044,63
7045,68
7046,38
7047,69
7048,55
7049,60
7050,89
7051,72
7052,44
7053,49
7054,41
7055,42
7056,62
7057,33
7058,43
7059,65
7060,39
7061,70
7062,44
7063,70
7064,75
7065,72
7066,51
7067,48
7068,41
7069,44
7070,79
7071,50
7072,77
7073,38
7074,72
7075,66
7076,97
7077,59
7078,49
7079,77
7080,75
7081,79
7082,59
7083,72
7084,73
7085,54
7086,36
7087,80
7088,59
7089,41
7090,51
7091,36
7092,45
7093,27
7094,52
7095,73
7096,45
7097,56
7098,32
7099,73
7100,56
7101,43
7102,37
7103,61
7104,84
7105,50
7106,38
7107,55
7108,38
7109,72
7110,80
7111,66
7112,61
7113,53
7114,48
7115,28
7116,57
7117,49
7118,66
7119,45
7120,41
7121,65
7122,46
7123,41
7124,42
7125,66
7126,101
7127,57
7128,47
7129,47
7130,49
7131,43
7132,40
7133,51
7134,66
7135,54
7136,64
7137,61
7138,59
7139,34
7140,39
7141,29
7142,50
7143,51
7144,52
7145,43
7146,44
7147,48
7148,63
7149,47
7150,59
7151,44
7152,67
7153,39
7154,74
7155,62
7156,56
7157,47
7158,38
7159,47
7160,51
7161,68
7162,52
7163,58
7164,51
7165,64
7166,78
7167,57
7168,26
7169,94
7170,47
7171,34
7172,41
7173,38
7174,53
7175,80
7176,72
7177,58
7178,63
7179,58
7180,47
7181,56
7182,52
7183,69
7184,44
7185,28
7186,51
7187,49
7188,39
7189,81
7190,50
7191,87
7192,54
7193,68
7194,62
7195,41
7196,64
7197,67
7198,66
7199,61
7200,40
7201,39
7202,58
7203,50
7204,67
7205,67
7206,65
7207,40
7208,49
7209,96
7210,34
7211,32
7212,67
7213,41
7214,72
7215,64
7216,68
7217,66
7218,42
7219,46
7220,60
7221,47
7222,47
7223,54
7224,61
7225,64
7226,45
7227,34
7228,67
7229,68
7230,83
7231,42
7232,39
7233,75
7234,70
7235,65
7236,71
7237,68
7238,45
7239,37
7240,47
7241,82
7242,33
7243,53
7244,48
7245,92
7246,64
7247,89
7248,41
7249,82
7250,47
7251,74
7252,51
7253,76
7254,35
7255,71
7256,30
7257,47
7258,41
7259,62
7260,46
7261,71
7262,33
7263,70
7264,53
7265,32
7266,75
7267,60
7268,57
7269,33
7270,44
7271,48
7272,63
7273,43
7274,66
7275,52
7276,49
7277,78
7278,51
7279,57
7280,72
7281,70
7282,61
7283,89
7284,49
7285,64
7286,74
7287,51
7288,65
7289,56
7290,38
7291,40
7292,40
7293,93
7294,56
7295,54
7296,62
7297,93
7298,56
7299,54
7300,53
7301,36
7302,34
7303,53
7304,53
7305,61
7306,78
7307,74
7308,41
7309,34
7310,58
7311,46
7312,60
7313,60
7314,62
7315,81
7316,45
7317,38
7318,63
7319,58
7320,71
7321,51
7322,46
7323,39
7324,41
7325,37
7326,39
7327,70
7328,26
7329,55
7330,68
7331,55
7332,77
7333,76
7334,42
7335,42
7336,51
7337,71
7338,70
7339,52
7340,93
7341,68
7342,37
7343,63
7344,78
7345,40
7346,50
7347,74
7348,44
7349,73
7350,57
7351,72
7352,66
7353,77
7354,42
7355,43
7356,76
7357,69
7358,67
7359,55
7360,40
7361,65
7362,34
7363,72
7364,34
7365,83
7366,46
7367,78
7368,77
7369,60
7370,53
7371,33
7372,42
7373,84
7374,52
7375,69
7376,72
7377,40
7378,77
7379,60
7380,58
7381,54
7382,55
7383,66
7384,46
7385,81
7386,52
7387,56
7388,76
7389,40
7390,48
7391,56
7392,70
7393,60
7394,71
7395,40
7396,38
7397,75
7398,50
7399,60
7400,59
7401,84
7402,28
7403,31
7404,56
7405,51
7406,51
7407,69
7408,41
7409,88
7410,78
7411,74
7412,56
7413,88
7414,46
7415,43
7416,69
7417,37
7418,52
7419,56
7420,71
7421,56
7422,76
7423,28
7424,52
7425,59
7426,54
7427,36
7428,80
7429,77
7430,41
7431,51
7432,53
7433,69
7434,66
7435,23
7436,60
7437,72
7438,55
7439,45
7440,43
7441,46
7442,81
7443,47
7444,71
7445,50
7446,73
7447,58
7448,71
7449,73
7450,68
7451,37
7452,79
7453,46
7454,50
7455,70
7456,54
7457,81
7458,51
7459,55
7460,29
7461,71
7462,69
7463,57
7464,67
7465,38
7466,57
7467,71
7468,71
7469,60
7470,42
7471,59
7472,60
7473,100
7474,80
7475,76
7476,80
7477,68
7478,55
7479,43
7480,61
7481,46
7482,74
7483,38
7484,54
7485,37
7486,76
7487,47
7488,54
7489,40
7490,32
7491,44
7492,44
7493,96
7494,47
7495,33
7496,76
7497,57
7498,51
7499,51
7500,61
7501,70
7502,63
7503,53
7504,76
7505,67
7506,60
7507,57
7508,37
7509,56
7510,42
7511,66
7512,77
7513,65
7514,57
7515,54
7516,63
7517,38
7518,38
7519,46
7520,34
7521,95
7522,47
7523,36
7524,39
7525,31
7526,45
7527,46
7528,65
7529,51
7530,84
7531,51
7532,69
7533,59
7534,63
7535,72
7536,54
7537,80
7538,67
7539,54
7540,45
7541,53
7542,42
7543,30
7544,58
7545,57
7546,54
7547,60
7548,32
7549,53
7550,67
7551,20
7552,56
7553,66
7554,44
7555,37
7556,68
7557,63
7558,73
7559,35
7560,44
7561,63
7562,77
7563,52
7564,52
7565,70
7566,59
7567,45
7568,53
7569,65
7570,84
7571,42
7572,30
7573,67
7574,52
7575,54
7576,34
7577,45
7578,63
7579,87
7580,70
7581,65
7582,82
7583,61
7584,62
7585,62
7586,46
7587,43
7588,82
7589,76
7590,46
7591,84
7592,31
7593,44
7594,72
7595,53
7596,47
7597,65
7598,33
7599,89
7600,71
7601,31
7602,43
7603,64
7604,84
7605,63
7606,36
7607,40
7608,29
7609,75
7610,45
7611,63
7612,82
7613,27
7614,44
7615,28
7616,37
7617,58
7618,81
7619,41
7620,39
7621,39
7622,54
7623,77
7624,83
7625,31
7626,65
7627,62
7628,65
7629,55
7630,56
7631,31
7632,71
7633,72
7634,88
7635,51
7636,72
7637,40
7638,46
7639,52
7640,65
7641,46
7642,76
7643,68
7644,77
7645,41
7646,58
7647,57
7648,82
7649,77
7650,62
7651,54
7652,32
7653,45
7654,49
7655,70
7656,50
7657,63
7658,76
7659,65
7660,47
7661,69
7662,30
7663,58
7664,54
7665,48
7666,46
7667,43
7668,62
7669,71
7670,44
7671,44
7672,36
7673,76
7674,96
7675,70
7676,67
7677,38
7678,48
7679,62
7680,87
7681,67
7682,50
7683,56
7684,35
7685,56
7686,73
7687,41
7688,65
7689,46
7690,76
7691,87
7692,81
7693,71
7694,69
7695,85
7696,83
7697,46
7698,70
7699,82
7700,41
7701,37
7702,44
7703,61
7704,68
7705,51
7706,57
7707,38
7708,50
7709,77
7710,50
7711,63
7712,58
7713,61
7714,45
7715,63
7716,49
7717,47
7718,63
7719,33
7720,41
7721,84
7722,83
7723,44
7724,43
7725,50
7726,64
7727,89
7728,77
7729,71
7730,72
7731,56
7732,80
7733,70
7734,58
7735,62
7736,103
7737,42
7738,66
7739,61
7740,38
7741,39
7742,48
7743,38
7744,68
7745,57
7746,70
7747,57
7748,75
7749,65
7750,47
7751,41
7752,46
7753,52
7754,59
7755,90
7756,35
7757,62
7758,43
7759,76
7760,55
7761,89
7762,32
7763,84
7764,37
7765,79
7766,52
7767,86
7768,51
7769,42
7770,62
7771,59
7772,59
7773,50
7774,29
7775,26
7776,47
7777,55
7778,32
7779,59
7780,89
7781,33
7782,73
7783,69
7784,51
7785,36
7786,36
7787,51
7788,36
7789,48
7790,72
7791,53
7792,66
7793,41
7794,54
7795,78
7796,81
7797,52
7798,36
7799,44
7800,57
7801,61
7802,77
7803,66
7804,44
7805,60
7806,51
7807,46
7808,68
7809,65
7810,63
7811,51
7812,34
7813,63
7814,82
7815,77
7816,67
7817,50
7818,69
7819,37
7820,40
7821,83
7822,45
7823,59
7824,82
7825,41
7826,66
7827,49
7828,52
7829,67
7830,67
7831,78
7832,59
7833,71
7834,39
7835,81
7836,45
7837,50
7838,35
7839,79
7840,41
7841,85
7842,51
7843,49
7844,32
7845,37
7846,81
7847,56
7848,81
7849,59
7850,42
7851,73
7852,51
7853,71
7854,48
7855,43
7856,66
7857,27
7858,34
7859,51
7860,77
7861,33
7862,41
7863,47
7864,61
7865,54
7866,42
7867,22
7868,50
7869,51
7870,56
7871,36
7872,30
7873,87
7874,95
7875,65
7876,40
7877,36
7878,38
7879,49
7880,52
7881,35
7882,74
7883,50
7884,51
7885,64
7886,46
7887,45
7888,66
7889,50
7890,89
7891,59
7892,73
7893,83
7894,58
7895,52
7896,47
7897,53
7898,77
7899,34
7900,41
7901,41
7902,48
7903,43
7904,47
7905,49
7906,71
7907,53
7908,52
7909,45
7910,62
7911,46
7912,76
7913,49
7914,44
7915,47
7916,30
7917,44
7918,82
7919,44
7920,48
7921,73
7922,67
7923,52
7924,24
7925,75
7926,43
7927,68
7928,31
7929,33
7930,47
7931,53
7932,47
7933,80
7934,78
7935,36
7936,69
7937,44
7938,64
7939,48
7940,43
7941,37
7942,65
7943,39
7944,63
7945,30
7946,47
7947,48
7948,59
7949,57
7950,44
7951,69
7952,46
7953,73
7954,67
7955,27
7956,78
7957,32
7958,44
7959,60
7960,90
7961,57
7962,50
7963,68
7964,63
7965,42
7966,38
7967,86
7968,59
7969,75
7970,65
7971,45
7972,59
7973,80
7974,48
7975,70
7976,62
7977,73
7978,53
7979,84
7980,50
7981,80
7982,58
7983,50
7984,40
7985,34
7986,71
7987,56
7988,68
7989,39
7990,68
7991,25
7992,56
7993,43
7994,64
7995,95
7996,64
7997,55
7998,60
7999,89
8000,69
8001,30
8002,45
8003,31
8004,79
8005,41
8006,38
8007,49
8008,67
8009,43
8010,32
8011,54
8012,30
8013,61
8014,63
8015,55
8016,86
8017,69
8018,63
8019,50
8020,73
8021,38
8022,82
8023,79
8024,57
8025,50
8026,67
8027,72
8028,47
8029,34
8030,66
8031,31
8032,26
8033,70
8034,92
8035,59
8036,47
8037,75
8038,70
8039,61
8040,53
8041,41
8042,37
8043,44
8044,77
8045,46
8046,33
8047,62
8048,50
8049,49
8050,35
8051,49
8052,46
8053,77
8054,46
8055,32
8056,46
8057,39
8058,82
8059,58
8060,66
8061,51
8062,82
8063,30
8064,43
8065,42
8066,42
8067,72
8068,42
8069,53
8070,79
8071,61
8072,41
8073,71
8074,65
8075,63
8076,68
8077,38
8078,85
8079,67
8080,51
8081,67
8082,62
8083,71
8084,62
8085,82
8086,53
8087,46
8088,87
8089,53
8090,60
8091,51
8092,42
8093,73
8094,39
8095,39
8096,33
8097,38
8098,29
8099,59
8100,51
8101,43
8102,44
8103,69
8104,42
8105,47
8106,38
8107,66
8108,24
8109,61
8110,45
8111,66
8112,36
8113,40
8114,73
8115,73
8116,84
8117,42
8118,84
8119,76
8120,25
8121,78
8122,66
8123,57
8124,61
8125,67
8126,56
8127,51
8128,57
8129,70
8130,43
8131,37
8132,47
8133,56
8134,47
8135,72
8136,52
8137,40
8138,18
8139,42
8140,72
8141,25
8142,71
8143,69
8144,32
8145,59
8146,49
8147,66
8148,87
8149,36
8150,67
8151,52
8152,76
8153,49
8154,76
8155,35
8156,65
8157,78
8158,56
8159,69
8160,24
8161,61
8162,39
8163,41
8164,66
8165,55
8166,73
8167,25
8168,72
8169,39
8170,26
8171,45
8172,52
8173,46
8174,63
8175,45
8176,78
8177,32
8178,56
8179,74
8180,31
8181,39
8182,30
8183,79
8184,53
8185,38
8186,78
8187,83
8188,52
8189,62
8190,62
8191,77
8192,52
8193,57
8194,39
8195,41
8196,71
8197,72
8198,76
8199,81
8200,35
8201,49
8202,62
8203,51
8204,51
8205,44
8206,45
8207,47
8208,51
8209,79
8210,50
8211,52
8212,63
8213,33
8214,84
8215,54
8216,60
8217,51
8218,68
8219,57
8220,61
8221,37
8222,29
8223,54
8224,51
8225,64
8226,49
8227,49
8228,49
8229,78
8230,53
8231,42
8232,64
8233,82
8234,52
8235,70
8236,32
8237,73
8238,35
8239,80
8240,36
8241,82
8242,60
8243,68
8244,71
8245,64
8246,62
8247,41
8248,62
8249,41
8250,42
8251,46
8252,58
8253,34
8254,65
8255,72
8256,60
8257,62
8258,43
8259,74
8260,37
8261,63
8262,87
8263,73
8264,35
8265,55
8266,73
8267,42
8268,71
8269,45
8270,51
8271,73
8272,68
8273,65
8274,76
8275,74
8276,26
8277,40
8278,37
8279,35
8280,66
8281,27
8282,40
8283,43
8284,75
8285,42
8286,65
8287,59
8288,58
8289,56
8290,69
8291,57
8292,37
8293,76
8294,77
8295,52
8296,68
8297,38
8298,44
8299,74
8300,69
8301,40
8302,55
8303,68
8304,38
8305,81
8306,43
8307,42
8308,49
8309,45
8310,84
8311,47
8312,61
8313,62
8314,58
8315,39
8316,51
8317,48
8318,35
8319,89
8320,54
8321,61
8322,43
8323,26
8324,50
8325,53
8326,44
8327,75
8328,56
8329,90
8330,19
8331,48
8332,70
8333,38
8334,49
8335,74
8336,71
8337,70
8338,59
8339,52
8340,51
8341,53
8342,67
8343,67
8344,59
8345,49
8346,38
8347,29
8348,52
8349,80
8350,46
8351,69
8352,54
8353,49
8354,34
8355,59
8356,41
8357,80
8358,57
8359,55
8360,37
8361,52
8362,41
8363,50
8364,36
8365,80
8366,51
8367,52
8368,43
8369,63
8370,59
8371,86
8372,71
8373,48
8374,53
8375,60
8376,35
8377,27
8378,66
8379,45
8380,44
8381,73
8382,41
8383,51
8384,38
8385,24
8386,56
8387,44
8388,37
8389,60
8390,37
8391,56
8392,62
8393,47
8394,62
8395,34
8396,38
8397,36
8398,45
8399,38
8400,59
8401,53
8402,44
8403,22
8404,36
8405,39
8406,66
8407,37
8408,68
8409,49
8410,38
8411,42
8412,44
8413,60
8414,60
8415,67
8416,81
8417,85
8418,79
8419,46
8420,47
8421,65
8422,37
8423,48
8424,31
8425,56
8426,39
8427,60
8428,47
8429,55
8430,40
8431,41
8432,60
8433,58
8434,41
8435,67
8436,63
8437,87
8438,46
8439,79
8440,49
8441,63
8442,57
8443,54
8444,63
8445,37
8446,65
8447,56
8448,58
8449,90
8450,55
8451,77
8452,64
8453,29
8454,40
8455,44
8456,67
8457,54
8458,30
8459,52
8460,69
8461,91
8462,67
8463,66
8464,65
8465,73
8466,59
8467,85
8468,80
8469,60
8470,33
8471,69
8472,55
8473,47
8474,40
8475,55
8476,58
8477,70
8478,45
8479,75
8480,61
8481,65
8482,72
8483,54
8484,52
8485,31
8486,45
8487,65
8488,34
8489,37
8490,63
8491,79
8492,55
8493,69
8494,49
8495,64
8496,35
8497,54
8498,50
8499,27
8500,44
8501,68
8502,50
8503,41
8504,38
8505,74
8506,76
8507,39
8508,21
8509,80
8510,65
8511,80
8512,66
8513,35
8514,42
8515,44
8516,38
8517,45
8518,71
8519,70
8520,72
8521,57
8522,46
8523,38
8524,74
8525,45
8526,35
8527,53
8528,59
8529,31
8530,61
8531,45
8532,65
8533,27
8534,52
8535,68
8536,55
8537,62
8538,45
8539,42
8540,74
8541,73
8542,80
8543,63
8544,52
8545,72
8546,52
8547,81
8548,73
8549,50
8550,68
8551,53
8552,75
8553,51
8554,86
8555,54
8556,56
8557,50
8558,43
8559,50
8560,62
8561,38
8562,67
8563,33
8564,64
8565,42
8566,35
8567,36
8568,55
8569,32
8570,41
8571,49
8572,69
8573,77
8574,56
8575,42
8576,51
8577,69
8578,48
8579,60
8580,60
8581,48
8582,83
8583,80
8584,60
8585,39
8586,57
8587,56
8588,72
8589,59
8590,36
8591,35
8592,65
8593,46
8594,50
8595,98
8596,66
8597,48
8598,80
8599,47
8600,74
8601,69
8602,27
8603,48
8604,87
8605,70
8606,57
8607,76
8608,75
8609,45
8610,40
8611,70
8612,73
8613,57
8614,57
8615,74
8616,40
8617,57
8618,46
8619,55
8620,32
8621,37
8622,45
8623,53
8624,63
8625,101
8626,41
8627,79
8628,67
8629,77
8630,33
8631,54
8632,31
8633,50
8634,48
8635,45
8636,79
8637,25
8638,42
8639,42
8640,64
8641,48
8642,39
8643,92
8644,69
8645,60
8646,62
8647,41
8648,40
8649,62
8650,44
8651,79
8652,40
8653,81
8654,62
8655,57
8656,85
8657,66
8658,57
8659,72
8660,34
8661,80
8662,58
8663,46
8664,39
8665,54
8666,54
8667,68
8668,40
8669,91
8670,58
8671,91
8672,48
8673,77
8674,24
8675,80
8676,38
8677,36
8678,60
8679,68
8680,81
8681,77
8682,38
8683,38
8684,80
8685,38
8686,72
8687,47
8688,53
8689,36
8690,56
8691,40
8692,36
8693,52
8694,69
8695,79
8696,83
8697,63
8698,40
8699,38
8700,55
8701,71
8702,60
8703,69
8704,39
8705,67
8706,37
8707,38
8708,51
8709,57
8710,58
8711,40
8712,35
8713,63
8714,65
8715,52
8716,73
8717,21
8718,91
8719,64
8720,65
8721,61
8722,64
8723,66
8724,86
8725,43
8726,89
8727,43
8728,51
8729,66
8730,45
8731,55
8732,73
8733,82
8734,51
8735,46
8736,65
8737,57
8738,64
8739,37
8740,79
8741,82
8742,52
8743,86
8744,63
8745,47
8746,43
8747,84
8748,67
8749,61
8750,33
8751,92
8752,39
8753,59
8754,41
8755,31
8756,40
8757,48
8758,68
8759,50
8760,64
8761,49
8762,103
8763,45
8764,50
8765,80
8766,66
8767,88
8768,57
8769,64
8770,37
8771,33
8772,53
8773,44
8774,72
8775,75
8776,69
8777,62
8778,36
8779,56
8780,70
8781,43
8782,54
8783,35
8784,55
8785,36
8786,42
8787,35
8788,53
8789,74
8790,54
8791,58
8792,43
8793,40
8794,64
8795,49
8796,72
8797,62
8798,44
8799,34
8800,74
8801,56
8802,46
8803,69
8804,36
8805,61
8806,50
8807,67
8808,50
8809,47
8810,66
8811,36
8812,42
8813,67
8814,86
8815,86
8816,82
8817,71
8818,83
8819,65
8820,51
8821,57
8822,104
8823,48
8824,66
8825,76
8826,32
8827,53
8828,80
8829,53
8830,56
8831,54
8832,50
8833,34
8834,78
8835,44
8836,34
8837,48
8838,64
8839,73
8840,63
8841,71
8842,34
8843,39
8844,64
8845,37
8846,81
8847,66
8848,43
8849,37
8850,61
8851,59
8852,76
8853,48
8854,46
8855,38
8856,68
8857,73
8858,20
8859,61
8860,27
8861,81
8862,46
8863,36
8864,43
8865,69
8866,38
8867,43
8868,39
8869,66
8870,69
8871,59
8872,76
8873,65
8874,35
8875,45
8876,77
8877,79
8878,52
8879,57
8880,38
8881,87
8882,45
8883,64
8884,55
8885,49
8886,82
8887,65
8888,39
8889,80
8890,42
8891,30
8892,80
8893,53
8894,71
8895,34
8896,35
8897,49
8898,53
8899,60
8900,63
8901,72
8902,49
8903,72
8904,80
8905,37
8906,81
8907,92
8908,53
8909,83
8910,51
8911,52
8912,43
8913,68
8914,55
8915,43
8916,80
8917,55
8918,47
8919,93
8920,36
8921,48
8922,38
8923,34
8924,53
8925,65
8926,40
8927,57
8928,69
8929,71
8930,37
8931,39
8932,44
8933,62
8934,62
8935,50
8936,64
8937,29
8938,46
8939,50
8940,26
8941,83
8942,101
8943,62
8944,50
8945,56
8946,65
8947,73
8948,56
8949,70
8950,76
8951,36
8952,55
8953,45
8954,53
8955,75
8956,46
8957,36
8958,39
8959,42
8960,48
8961,59
8962,59
8963,48
8964,52
8965,44
8966,66
8967,42
8968,38
8969,84
8970,64
8971,35
8972,68
8973,31
8974,44
8975,68
8976,46
8977,62
8978,53
8979,68
8980,90
8981,74
8982,86
8983,33
8984,56
8985,60
8986,70
8987,35
8988,66
8989,57
8990,33
8991,44
8992,48
8993,55
8994,49
8995,57
8996,55
8997,98
8998,79
8999,52
9000,40
9001,63
9002,64
9003,44
9004,38
9005,71
9006,46
9007,56
9008,46
9009,60
9010,38
9011,84
9012,47
9013,54
9014,34
9015,57
9016,34
9017,77
9018,78
9019,42
9020,42
9021,36
9022,51
9023,90
9024,42
9025,59
9026,84
9027,55
9028,85
9029,55
9030,43
9031,62
9032,52
9033,63
9034,37
9035,61
9036,43
9037,61
9038,62
9039,57
9040,70
9041,73
9042,48
9043,60
9044,45
9045,64
9046,33
9047,35
9048,55
9049,41
9050,53
9051,47
9052,44
9053,62
9054,50
9055,45
9056,61
9057,66
9058,78
9059,61
9060,37
9061,41
9062,30
9063,69
9064,43
9065,79
9066,61
9067,40
9068,57
9069,58
9070,57
9071,59
9072,45
9073,83
9074,67
9075,49
9076,77
9077,68
9078,87
9079,58
9080,50
9081,79
9082,83
9083,54
9084,57
9085,65
9086,75
9087,78
9088,53
9089,36
9090,43
9091,58
9092,47
9093,58
9094,98
9095,55
9096,42
9097,56
9098,69
9099,48
9100,46
9101,70
9102,38
9103,41
9104,31
9105,37
9106,60
9107,68
9108,70
9109,39
9110,59
9111,45
9112,59
9113,37
9114,78
9115,35
9116,51
9117,41
9118,69
9119,32
9120,72
9121,65
9122,44
9123,41
9124,50
9125,60
9126,45
9127,38
9128,54
9129,43
9130,36
9131,58
9132,60
9133,40
9134,45
9135,76
9136,81
9137,38
9138,51
9139,32
9140,80
9141,46
9142,50
9143,73
9144,60
9145,60
9146,36
9147,58
9148,36
9149,63
9150,77
9151,34
9152,49
9153,42
9154,77
9155,73
9156,58
9157,57
9158,70
9159,74
9160,49
9161,60
9162,46
9163,49
9164,42
9165,72
9166,60
9167,36
9168,49
9169,70
9170,59
9171,62
9172,55
9173,43
9174,56
9175,46
9176,52
9177,60
9178,52
9179,57
9180,76
9181,43
9182,64
9183,66
9184,82
9185,57
9186,73
9187,47
9188,77
9189,82
9190,50
9191,50
9192,92
9193,54
9194,58
9195,49
9196,56
9197,47
9198,39
9199,32
9200,38
9201,53
9202,70
9203,55
9204,61
9205,50
9206,49
9207,45
9208,86
9209,36
9210,77
9211,53
9212,79
9213,65
9214,81
9215,49
9216,51
9217,35
9218,40
9219,49
9220,64
9221,77
9222,67
9223,55
9224,53
9225,49
9226,41
9227,61
9228,71
9229,73
9230,45
9231,73
9232,58
9233,41
9234,71
9235,25
9236,36
9237,39
9238,74
9239,55
9240,38
9241,68
9242,94
9243,67
9244,82
9245,48
9246,55
9247,32
9248,34
9249,66
9250,41
9251,78
9252,57
9253,32
9254,33
9255,53
9256,77
9257,61
9258,83
9259,44
9260,86
9261,44
9262,36
9263,47
9264,45
9265,33
9266,35
9267,80
9268,27
9269,75
9270,47
9271,39
9272,40
9273,61
9274,73
9275,41
9276,69
9277,66
9278,58
9279,36
9280,48
9281,48
9282,74
9283,46
9284,41
9285,66
9286,31
9287,71
9288,48
9289,58
9290,66
9291,55
9292,54
9293,59
9294,46
9295,47
9296,72
9297,75
9298,67
9299,61
9300,49
9301,65
9302,77
9303,28
9304,51
9305,54
9306,71
9307,71
9308,36
9309,32
9310,47
9311,38
9312,44
9313,65
9314,82
9315,61
9316,57
9317,62
9318,67
9319,33
9320,32
9321,49
9322,44
9323,66
9324,48
9325,26
9326,79
9327,46
9328,44
9329,49
9330,48
9331,69
9332,55
9333,72
9334,45
9335,72
9336,40
9337,60
9338,64
9339,58
9340,51
9341,43
9342,52
9343,60
9344,47
9345,54
9346,53
9347,50
9348,27
9349,32
9350,44
9351,68
9352,61
9353,88
9354,49
9355,48
9356,66
9357,67
9358,48
9359,52
9360,76
9361,64
9362,52
9363,54
9364,80
9365,32
9366,41
9367,75
9368,49
9369,39
9370,50
9371,40
9372,48
9373,50
9374,45
9375,49
9376,68
9377,70
9378,72
9379,50
9380,48
9381,50
9382,54
9383,35
9384,56
9385,77
9386,47
9387,74
9388,58
9389,34
9390,63
9391,65
9392,63
9393,42
9394,71
9395,61
9396,71
9397,94
9398,83
9399,78
9400,70
9401,48
9402,43
9403,84
9404,44
9405,47
9406,75
9407,44
9408,49
9409,58
9410,50
9411,103
9412,71
9413,72
9414,52
9415,83
9416,76
9417,58
9418,39
9419,53
9420,57
9421,33
9422,52
9423,36
9424,64
9425,89
9426,77
9427,73
9428,42
9429,37
9430,43
9431,83
9432,66
9433,64
9434,35
9435,67
9436,74
9437,25
9438,73
9439,46
9440,52
9441,47
9442,87
9443,69
9444,37
9445,51
9446,61
9447,52
9448,63
9449,47
9450,41
9451,57
9452,64
9453,64
9454,44
9455,52
9456,55
9457,35
9458,35
9459,41
9460,73
9461,44
9462,54
9463,81
9464,61
9465,86
9466,55
9467,56
9468,68
9469,73
9470,39
9471,51
9472,53
9473,37
9474,35
9475,51
9476,91
9477,76
9478,84
9479,73
9480,67
9481,43
9482,72
9483,83
9484,83
9485,36
9486,39
9487,51
9488,53
9489,54
9490,77
9491,81
9492,37
9493,46
9494,60
9495,68
9496,75
9497,61
9498,69
9499,70
9500,57
9501,44
9502,50
9503,83
9504,64
9505,76
9506,44
9507,52
9508,76
9509,62
9510,39
9511,53
9512,80
9513,34
9514,71
9515,65
9516,33
9517,76
9518,58
9519,65
9520,47
9521,66
9522,77
9523,61
9524,43
9525,61
9526,78
9527,33
9528,38
9529,63
9530,59
9531,46
9532,81
9533,90
9534,41
9535,44
9536,49
9537,51
9538,86
9539,96
9540,41
9541,66
9542,75
9543,79
9544,55
9545,75
9546,64
9547,63
9548,51
9549,64
9550,39
9551,28
9552,26
9553,71
9554,43
9555,63
9556,44
9557,35
9558,85
9559,69
9560,34
9561,68
9562,75
9563,34
9564,33
9565,66
9566,54
9567,79
9568,30
9569,72
9570,45
9571,64
9572,57
9573,54
9574,57
9575,41
9576,39
9577,52
9578,89
9579,42
9580,40
9581,60
9582,88
9583,48
9584,53
9585,48
9586,54
9587,74
9588,68
9589,43
9590,45
9591,26
9592,78
9593,46
9594,64
9595,52
9596,72
9597,45
9598,63
9599,92
9600,39
9601,71
9602,51
9603,60
9604,59
9605,37
9606,46
9607,84
9608,62
9609,41
9610,43
9611,39
9612,38
9613,46
9614,83
9615,38
9616,50
9617,41
9618,79
9619,38
9620,79
9621,64
9622,84
9623,47
9624,77
9625,52
9626,47
9627,52
9628,67
9629,69
9630,64
9631,48
9632,45
9633,43
9634,81
9635,43
9636,68
9637,42
9638,51
9639,63
9640,67
9641,36
9642,44
9643,59
9644,30
9645,48
9646,88
9647,53
9648,64
9649,61
9650,80
9651,54
9652,68
9653,41
9654,59
9655,94
9656,74
9657,50
9658,42
9659,75
9660,41
9661,55
9662,41
9663,64
9664,41
9665,52
9666,83
9667,59
9668,72
9669,59
9670,60
9671,52
9672,41
9673,60
9674,25
9675,57
9676,56
9677,32
9678,50
9679,51
9680,82
9681,53
9682,62
9683,57
9684,54
9685,35
9686,42
9687,38
9688,67
9689,40
9690,51
9691,81
9692,50
9693,81
9694,65
9695,39
9696,59
9697,56
9698,60
9699,63
9700,80
9701,44
9702,52
9703,70
9704,40
9705,37
9706,49
9707,58
9708,45
9709,32
9710,50
9711,94
9712,43
9713,66
9714,69
9715,41
9716,51
9717,45
9718,31
9719,49
9720,46
9721,58
9722,63
9723,60
9724,54
9725,70
9726,67
9727,21
9728,48
9729,53
9730,39
9731,52
9732,43
9733,41
9734,56
9735,43
9736,57
9737,72
9738,46
9739,39
9740,40
9741,81
9742,65
9743,63
9744,51
9745,95
9746,42
9747,62
9748,58
9749,80
9750,77
9751,83
9752,53
9753,61
9754,52
9755,38
9756,57
9757,77
9758,44
9759,57
9760,43
9761,29
9762,47
9763,35
9764,39
9765,49
9766,47
9767,48
9768,40
9769,37
9770,65
9771,43
9772,54
9773,78
9774,79
9775,57
9776,59
9777,31
9778,61
9779,68
9780,69
9781,64
9782,52
9783,60
9784,53
9785,53
9786,40
9787,79
9788,45
9789,41
9790,45
9791,92
9792,73
9793,45
9794,34
9795,42
9796,55
9797,64
9798,69
9799,55
9800,45
9801,45
9802,21
9803,70
9804,52
9805,66
9806,34
9807,62
9808,62
9809,69
9810,62
9811,44
9812,48
9813,79
9814,67
9815,35
9816,65
9817,55
9818,74
9819,96
9820,63
9821,29
9822,52
9823,47
9824,92
9825,61
9826,53
9827,55
9828,39
9829,48
9830,75
9831,72
9832,68
9833,58
9834,67
9835,45
9836,53
9837,59
9838,20
9839,44
9840,46
9841,68
9842,82
9843,31
9844,26
9845,67
9846,71
9847,69
9848,71
9849,31
9850,65
9851,41
9852,64
9853,65
9854,64
9855,39
9856,64
9857,36
9858,29
9859,76
9860,48
9861,41
9862,31
9863,81
9864,45
9865,32
9866,39
9867,95
9868,48
9869,57
9870,50
9871,90
9872,74
9873,63
9874,39
9875,59
9876,28
9877,59
9878,64
9879,76
9880,66
9881,87
9882,49
9883,59
9884,76
9885,35
9886,65
9887,53
9888,71
9889,53
9890,51
9891,76
9892,58
9893,56
9894,46
9895,75
9896,34
9897,47
9898,60
9899,60
9900,32
9901,62
9902,47
9903,45
9904,45
9905,49
9906,64
9907,42
9908,65
9909,52
9910,35
9911,45
9912,72
9913,59
9914,48
9915,50
9916,78
9917,43
9918,38
9919,86
9920,31
9921,45
9922,45
9923,64
9924,44
9925,66
9926,79
9927,80
9928,83
9929,88
9930,39
9931,46
9932,69
9933,70
9934,76
9935,87
9936,50
9937,32
9938,45
9939,59
9940,44
9941,39
9942,77
9943,43
9944,48
9945,83
9946,45
9947,65
9948,38
9949,59
9950,68
9951,53
9952,56
9953,89
9954,70
9955,94
9956,56
9957,56
9958,43
9959,63
9960,65
9961,58
9962,73
9963,61
9964,50
9965,60
9966,40
9967,55
9968,50
9969,64
9970,69
9971,57
9972,27
9973,67
9974,52
9975,49
9976,77
9977,56
9978,46
9979,50
9980,47
9981,52
9982,40
9983,69
9984,60
9985,39
9986,70
9987,52
9988,60
9989,78
9990,38
9991,72
9992,77
9993,48
9994,58
9995,73
9996,48
9997,67
9998,49
9999,50
10000,80
10001,69
10002,46
10003,49
10004,67
10005,29
10006,78
10007,69
10008,50
10009,47
10010,44
10011,46
10012,61
10013,74
10014,35
10015,70
10016,67
10017,56
10018,64
10019,90
10020,77
10021,64
10022,58
10023,42
10024,72
10025,83
10026,64
10027,43
10028,48
10029,68
10030,31
10031,58
10032,47
10033,24
10034,36
10035,34
10036,71
10037,45
10038,38
10039,72
10040,42
10041,48
10042,53
10043,82
10044,52
10045,30
10046,51
10047,61
10048,82
10049,48
10050,67
10051,70
10052,51
10053,57
10054,50
10055,40
10056,76
10057,43
10058,33
10059,73
10060,55
10061,45
10062,83
10063,44
10064,57
10065,40
10066,85
10067,75
10068,43
10069,64
10070,56
10071,65
10072,60
10073,79
10074,37
10075,75
10076,100
10077,67
10078,57
10079,35
10080,67
10081,26
10082,80
10083,50
10084,43
10085,54
10086,54
10087,71
10088,50
10089,43
10090,57
10091,56
10092,43
10093,40
10094,60
10095,62
10096,66
10097,64
10098,28
10099,38
10100,81
10101,63
10102,57
10103,37
10104,66
10105,43
10106,46
10107,44
10108,59
10109,65
10110,36
10111,44
10112,58
10113,51
10114,50
10115,70
10116,31
10117,55
10118,68
10119,58
10120,51
10121,48
10122,76
10123,64
10124,66
10125,78
10126,54
10127,24
10128,37
10129,80
10130,48
10131,45
10132,25
10133,61
10134,43
10135,81
10136,73
10137,61
10138,41
10139,66
10140,44
10141,45
10142,67
10143,39
10144,67
10145,65
10146,44
10147,62
10148,38
10149,77
10150,74
10151,75
10152,66
10153,77
10154,51
10155,44
10156,34
10157,31
10158,56
10159,78
10160,80
10161,57
10162,36
10163,69
10164,43
10165,71
10166,46
10167,38
10168,40
10169,51
10170,74
10171,61
10172,42
10173,66
10174,40
10175,71
10176,74
10177,54
10178,43
10179,51
10180,45
10181,41
10182,80
10183,32
10184,38
10185,64
10186,65
10187,63
10188,44
10189,39
10190,68
10191,79
10192,27
10193,70
10194,59
10195,83
10196,36
10197,36
10198,51
10199,45
10200,76
10201,69
10202,42
10203,43
10204,62
10205,42
10206,53
10207,56
10208,68
10209,55
10210,32
10211,45
10212,55
10213,111
10214,47
10215,30
10216,56
10217,87
10218,46
10219,37
10220,69
10221,47
10222,59
10223,61
10224,34
10225,58
10226,56
10227,74
10228,76
10229,43
10230,52
10231,37
10232,54
10233,50
10234,75
10235,80
10236,54
10237,53
10238,66
10239,51
10240,74
10241,26
10242,50
10243,32
10244,44
10245,70
10246,38
10247,82
10248,45
10249,39
10250,87
10251,39
10252,76
10253,62
10254,81
10255,63
10256,63
10257,25
10258,64
10259,40
10260,69
10261,84
10262,75
10263,69
10264,54
10265,25
10266,36
10267,44
10268,63
10269,71
10270,41
10271,73
10272,46
10273,81
10274,100
10275,45
10276,40
10277,78
10278,42
10279,46
10280,69
10281,59
10282,54
10283,55
10284,37
10285,43
10286,61
10287,48
10288,47
10289,60
10290,37
10291,52
10292,47
10293,62
10294,57
10295,69
10296,47
10297,71
10298,33
10299,42
10300,69
10301,91
10302,53
10303,55
10304,57
10305,83
10306,47
10307,41
10308,43
10309,70
10310,46
10311,41
10312,69
10313,55
10314,71
10315,36
10316,51
10317,86
10318,50
10319,43
10320,32
10321,67
10322,66
10323,71
10324,58
10325,83
10326,43
10327,44
10328,41
10329,20
10330,66
10331,71
10332,43
10333,46
10334,87
10335,75
10336,51
10337,66
10338,63
10339,73
10340,38
10341,59
10342,59
10343,74
10344,69
10345,89
10346,32
10347,41
10348,50
10349,33
10350,67
10351,61
10352,48
10353,55
10354,58
10355,45
10356,82
10357,31
10358,69
10359,74
10360,52
10361,72
10362,76
10363,29
10364,40
10365,60
10366,38
10367,51
10368,67
10369,23
10370,81
10371,73
10372,56
10373,76
10374,55
10375,23
10376,60
10377,62
10378,57
10379,53
10380,54
10381,65
10382,43
10383,60
10384,45
10385,73
10386,37
10387,39
10388,81
10389,100
10390,50
10391,70
10392,49
10393,66
10394,67
10395,40
10396,79
10397,51
10398,64
10399,35
10400,48
10401,47
10402,64
10403,73
10404,55
10405,40
10406,50
10407,56
10408,78
10409,35
10410,68
10411,49
10412,49
10413,68
10414,57
10415,47
10416,52
10417,46
10418,38
10419,60
10420,78
10421,58
10422,44
10423,40
10424,46
10425,44
10426,78
10427,68
10428,90
10429,71
10430,71
10431,40
10432,56
10433,58
10434,77
10435,65
10436,37
10437,50
10438,58
10439,74
10440,91
10441,22
10442,53
10443,45
10444,47
10445,64
10446,79
10447,62
10448,57
10449,44
10450,44
10451,32
10452,35
10453,65
10454,55
10455,64
10456,35
10457,60
10458,28
10459,49
10460,45
10461,77
10462,49
10463,58
10464,61
10465,44
10466,50
10467,39
10468,80
10469,70
10470,23
10471,30
10472,52
10473,38
10474,60
10475,71
10476,32
10477,65
10478,43
10479,27
10480,40
10481,66
10482,83
10483,43
10484,71
10485,30
10486,44
10487,62
10488,31
10489,50
10490,51
10491,53
10492,64
10493,42
10494,83
10495,55
10496,48
10497,86
10498,65
10499,71
10500,86
10501,69
10502,42
10503,40
10504,73
10505,58
10506,80
10507,40
10508,86
10509,52
10510,56
10511,66
10512,20
10513,85
10514,66
10515,69
10516,44
10517,64
10518,79
10519,49
10520,66
10521,40
10522,47
10523,61
10524,83
10525,75
10526,72
10527,80
10528,43
10529,66
10530,55
10531,42
10532,67
10533,46
10534,41
10535,37
10536,65
10537,62
10538,72
10539,45
10540,42
10541,52
10542,41
10543,43
10544,31
10545,64
10546,80
10547,33
10548,49
10549,80
10550,82
10551,77
10552,73
10553,45
10554,87
10555,37
10556,62
10557,75
10558,54
10559,42
10560,33
10561,43
10562,39
10563,82
10564,37
10565,56
10566,68
10567,47
10568,51
10569,60
10570,49
10571,54
10572,41
10573,52
10574,86
10575,57
10576,79
10577,52
10578,71
10579,63
10580,70
10581,53
10582,80
10583,51
10584,56
10585,63
10586,58
10587,37
10588,60
10589,45
10590,37
10591,75
10592,65
10593,63
10594,44
10595,62
10596,59
10597,52
10598,40
10599,58
10600,66
10601,52
10602,71
10603,45
10604,81
10605,42
10606,69
10607,98
10608,42
10609,55
10610,47
10611,63
10612,75
10613,65
10614,47
10615,56
10616,81
10617,87
10618,71
10619,63
10620,50
10621,39
10622,60
10623,77
10624,57
10625,43
10626,73
10627,37
10628,52
10629,53
10630,71
10631,52
10632,66
10633,81
10634,59
10635,30
10636,80
10637,61
10638,39
10639,54
10640,81
10641,64
10642,70
10643,57
10644,65
10645,36
10646,48
10647,94
10648,59
10649,33
10650,56
10651,48
10652,34
10653,56
10654,78
10655,46
10656,37
10657,60
10658,55
10659,53
10660,46
10661,29
10662,59
10663,47
10664,62
10665,72
10666,53
10667,67
10668,69
10669,52
10670,46
10671,44
10672,36
10673,75
10674,54
10675,30
10676,59
10677,42
10678,38
10679,67
10680,70
10681,66
10682,44
10683,33
10684,58
10685,59
10686,47
10687,69
10688,86
10689,60
10690,64
10691,59
10692,32
10693,74
10694,32
10695,48
10696,48
10697,90
10698,38
10699,87
10700,60
10701,60
10702,52
10703,27
10704,29
10705,79
10706,45
10707,58
10708,43
10709,66
10710,31
10711,35
10712,61
10713,70
10714,65
10715,85
10716,78
10717,32
10718,65
10719,53
10720,32
10721,78
10722,43
10723,48
10724,46
10725,47
10726,80
10727,65
10728,44
10729,71
10730,72
10731,45
10732,78
10733,31
10734,47
10735,38
10736,78
10737,77
10738,68
10739,48
10740,23
10741,53
10742,61
10743,44
10744,78
10745,28
10746,56
10747,65
10748,46
10749,40
10750,72
10751,58
10752,77
10753,48
10754,32
10755,54
10756,64
10757,46
10758,66
10759,66
10760,48
10761,47
10762,64
10763,77
10764,40
10765,71
10766,55
10767,36
10768,62
10769,46
10770,62
10771,53
10772,53
10773,53
10774,48
10775,80
10776,85
10777,72
10778,42
10779,75
10780,56
10781,54
10782,34
10783,61
10784,86
10785,38
10786,59
10787,35
10788,52
10789,94
10790,45
10791,51
10792,66
10793,72
10794,65
10795,36
10796,54
10797,57
10798,75
10799,36
10800,74
10801,45
10802,56
10803,45
10804,49
10805,79
10806,62
10807,72
10808,84
10809,41
10810,37
10811,52
10812,89
10813,91
10814,39
10815,39
10816,42
10817,39
10818,76
10819,58
10820,33
10821,79
10822,36
10823,69
10824,80
10825,80
10826,58
10827,54
10828,79
10829,66
10830,50
10831,44
10832,39
10833,67
10834,42
10835,42
10836,70
10837,32
10838,66
10839,33
10840,28
10841,53
10842,45
10843,56
10844,47
10845,78
10846,51
10847,74
10848,62
10849,47
10850,41
10851,43
10852,59
10853,31
10854,25
10855,86
10856,33
10857,50
10858,50
10859,39
10860,35
10861,85
10862,40
10863,47
10864,85
10865,36
10866,47
10867,74
10868,47
10869,63
10870,61
10871,42
10872,68
10873,63
10874,42
10875,77
10876,32
10877,80
10878,43
10879,57
10880,37
10881,65
10882,45
10883,41
10884,38
10885,32
10886,66
10887,70
10888,59
10889,68
10890,54
10891,56
10892,75
10893,69
10894,73
10895,80
10896,49
10897,34
10898,54
10899,66
10900,50
10901,54
10902,60
10903,45
10904,61
10905,45
10906,48
10907,54
10908,42
10909,60
10910,62
10911,96
10912,33
10913,60
10914,39
10915,41
10916,57
10917,35
10918,60
10919,63
10920,34
10921,48
10922,44
10923,75
10924,63
10925,45
10926,63
10927,63
10928,35
10929,68
10930,28
10931,60
10932,86
10933,64
10934,55
10935,40
10936,51
10937,77
10938,31
10939,76
10940,57
10941,48
10942,61
10943,51
10944,74
10945,64
10946,90
10947,46
10948,42
10949,37
10950,50
10951,62
10952,73
10953,63
10954,50
10955,75
10956,75
10957,36
10958,48
10959,77
10960,59
10961,80
10962,70
10963,47
10964,66
10965,46
10966,52
10967,73
10968,61
10969,37
10970,76
10971,48
10972,32
10973,47
10974,50
10975,38
10976,74
10977,65
10978,47
10979,73
10980,43
10981,73
10982,60
10983,80
10984,26
10985,47
10986,37
10987,37
10988,53
10989,38
10990,42
10991,75
10992,30
10993,62
10994,54
10995,68
10996,57
10997,43
10998,48
10999,97
11000,57
11001,77
11002,66
11003,72
11004,41
11005,48
11006,70
11007,47
11008,58
11009,49
11010,70
11011,81
11012,40
11013,55
11014,74
11015,77
11016,36
11017,44
11018,51
11019,74
11020,43
11021,38
11022,81
11023,78
11024,72
11025,31
11026,50
11027,29
11028,60
11029,56
11030,74
11031,69
11032,69
11033,80
11034,68
11035,45
11036,38
11037,74
11038,56
11039,48
11040,61
11041,54
11042,68
11043,60
11044,71
11045,52
11046,58
11047,49
11048,81
11049,54
11050,62
11051,85
11052,47
11053,41
11054,70
11055,49
11056,51
11057,36
11058,57
11059,47
11060,72
11061,71
11062,49
11063,76
11064,31
11065,38
11066,38
11067,44
11068,82
11069,69
11070,65
11071,38
11072,47
11073,63
11074,65
11075,38
11076,71
11077,47
11078,37
11079,65
11080,43
11081,82
11082,71
11083,56
11084,70
11085,22
11086,51
11087,83
11088,42
11089,40
11090,82
11091,53
11092,78
11093,68
11094,59
11095,58
11096,29
11097,45
11098,60
11099,102
11100,33
11101,39
11102,73
11103,56
11104,59
11105,91
11106,60
11107,47
11108,18
11109,47
11110,66
11111,80
11112,42
11113,83
11114,36
11115,52
11116,37
11117,69
11118,26
11119,67
11120,46
11121,32
11122,52
11123,27
11124,76
11125,72
11126,51
11127,48
11128,57
11129,68
11130,30
11131,73
11132,51
11133,40
11134,72
11135,71
11136,63
11137,36
11138,44
11139,54
11140,42
11141,84
11142,62
11143,64
11144,33
11145,63
11146,87
11147,70
11148,33
11149,86
11150,46
11151,64
11152,27
11153,81
11154,23
11155,35
11156,47
11157,46
11158,51
11159,69
11160,64
11161,36
11162,39
11163,38
11164,46
11165,61
11166,25
11167,59
11168,67
11169,66
11170,64
11171,49
11172,58
11173,37
11174,61
11175,40
11176,69
11177,53
11178,77
11179,43
11180,49
11181,50
11182,66
11183,58
11184,54
11185,42
11186,33
11187,69
11188,52
11189,60
11190,90
11191,60
11192,36
11193,55
11194,62
11195,49
11196,61
11197,45
11198,44
11199,65
11200,75
11201,72
11202,80
11203,47
11204,49
11205,84
11206,79
11207,51
11208,54
11209,58
11210,34
11211,33
11212,60
11213,72
11214,30
11215,64
11216,60
11217,42
11218,35
11219,64
11220,36
11221,88
11222,71
11223,52
11224,69
11225,42
11226,31
11227,90
11228,69
11229,79
11230,46
11231,64
11232,34
11233,44
11234,47
11235,80
11236,85
11237,35
11238,71
11239,44
11240,75
11241,44
11242,68
11243,40
11244,38
11245,43
11246,39
11247,62
11248,53
11249,40
11250,33
11251,85
11252,71
11253,33
11254,80
11255,81
11256,79
11257,47
11258,43
11259,54
11260,60
11261,56
11262,37
11263,85
11264,51
11265,71
11266,59
11267,80
11268,88
11269,68
11270,41
11271,51
11272,33
11273,52
11274,43
11275,92
11276,49
11277,43
11278,38
11279,62
11280,36
11281,37
11282,40
11283,75
11284,66
11285,56
11286,45
11287,41
11288,91
11289,50
11290,48
11291,31
11292,72
11293,79
11294,60
11295,44
11296,82
11297,56
11298,69
11299,52
11300,39
11301,63
11302,52
11303,61
11304,75
11305,48
11306,33
11307,75
11308,37
11309,35
11310,37
11311,79
11312,60
11313,69
11314,47
11315,83
11316,92
11317,46
11318,72
11319,45
11320,69
11321,35
11322,47
11323,40
11324,39
11325,35
11326,38
11327,68
11328,39
11329,85
11330,37
11331,51
11332,43
11333,77
11334,43
11335,46
11336,100
11337,34
11338,77
11339,86
11340,76
11341,41
11342,75
11343,56
11344,67
11345,31
11346,59
11347,74
11348,68
11349,96
11350,82
11351,41
11352,70
11353,66
11354,61
11355,73
11356,58
11357,30
11358,64
11359,82
11360,71
11361,39
11362,78
11363,72
11364,29
11365,65
11366,36
11367,79
11368,62
11369,78
11370,45
11371,62
11372,72
11373,51
11374,60
11375,75
11376,38
11377,53
11378,65
11379,76
11380,50
11381,52
11382,77
11383,64
11384,31
11385,55
11386,79
11387,57
11388,46
11389,88
11390,68
11391,88
11392,57
11393,71
11394,36
11395,37
11396,58
11397,64
11398,48
11399,23
11400,55
11401,62
11402,80
11403,33
11404,77
11405,56
11406,63
11407,68
11408,73
11409,55
11410,52
11411,46
11412,70
11413,69
11414,46
11415,67
11416,59
11417,76
11418,51
11419,63
11420,41
11421,72
11422,55
11423,64
11424,31
11425,53
11426,85
11427,104
11428,33
11429,42
11430,57
11431,41
11432,70
11433,39
11434,45
11435,76
11436,72
11437,37
11438,67
11439,82
11440,60
11441,70
11442,66
11443,62
11444,66
11445,45
11446,56
11447,68
11448,79
11449,33
11450,58
11451,74
11452,62
11453,40
11454,64
11455,72
11456,51
11457,90
11458,70
11459,72
11460,70
11461,54
11462,93
11463,32
11464,61
11465,65
11466,52
11467,37
11468,56
11469,66
11470,70
11471,84
11472,85
11473,41
11474,50
11475,58
11476,28
11477,82
11478,52
11479,68
11480,54
11481,20
11482,39
11483,48
11484,63
11485,51
11486,81
11487,74
11488,67
11489,32
11490,62
11491,61
11492,61
11493,61
11494,37
11495,55
11496,58
11497,64
11498,64
11499,53
11500,27
11501,79
11502,63
11503,40
11504,59
11505,72
11506,75
11507,49
11508,46
11509,66
11510,58
11511,73
11512,72
11513,51
11514,42
11515,41
11516,57
11517,53
11518,61
11519,51
11520,98
11521,64
11522,35
11523,73
11524,52
11525,56
11526,61
11527,58
11528,67
11529,47
11530,64
11531,68
11532,63
11533,76
11534,65
11535,59
11536,75
11537,76
11538,50
11539,54
11540,75
11541,29
11542,54
11543,38
11544,68
11545,43
11546,36
11547,41
11548,63
11549,28
11550,65
11551,28
11552,53
11553,44
11554,55
11555,45
11556,22
11557,72
11558,32
11559,56
11560,49
11561,36
11562,63
11563,59
11564,85
11565,55
11566,43
11567,44
11568,43
11569,68
11570,49
11571,73
11572,71
11573,62
11574,66
11575,39
11576,73
11577,47
11578,79
11579,42
11580,82
11581,74
11582,45
11583,36
11584,23
11585,73
11586,50
11587,67
11588,45
11589,81
11590,50
11591,37
11592,37
11593,41
11594,45
11595,40
11596,38
11597,70
11598,50
11599,60
11600,56
11601,69
11602,70
11603,83
11604,38
11605,37
11606,46
11607,43
11608,42
11609,51
11610,58
11611,34
11612,76
11613,50
11614,84
11615,73
11616,48
11617,36
11618,31
11619,66
11620,60
11621,53
11622,32
11623,43
11624,37
11625,68
11626,63
11627,96
11628,45
11629,29
11630,73
11631,42
11632,46
11633,61
11634,75
11635,43
11636,49
11637,60
11638,63
11639,77
11640,47
11641,41
11642,76
11643,37
11644,33
11645,68
11646,43
11647,44
11648,45
11649,51
11650,60
11651,60
11652,50
11653,39
11654,71
11655,52
11656,42
11657,57
11658,52
11659,56
11660,34
11661,37
11662,91
11663,47
11664,54
11665,57
11666,73
11667,76
11668,41
11669,42
11670,56
11671,51
11672,34
11673,46
11674,74
11675,41
11676,65
11677,32
11678,52
11679,25
11680,82
11681,73
11682,49
11683,37
11684,90
11685,68
11686,78
11687,86
11688,54
11689,70
11690,46
11691,71
11692,51
11693,35
11694,45
11695,42
11696,34
11697,35
11698,53
11699,63
11700,62
11701,36
11702,55
11703,72
11704,25
11705,31
11706,46
11707,57
11708,76
11709,89
11710,59
11711,45
11712,59
11713,67
11714,59
11715,54
11716,26
11717,42
11718,58
11719,58
11720,41
11721,52
11722,70
11723,81
11724,46
11725,69
11726,42
11727,81
11728,79
11729,47
11730,54
11731,44
11732,61
11733,57
11734,55
11735,54
11736,46
11737,49
11738,41
11739,82
11740,76
11741,32
11742,58
11743,46
11744,46
11745,50
11746,52
